model,split,forecast_windows_path,cp_detector,cp_min_size,cp_period_length,cp_exclusion_radius,cp_score_threshold,cp_model,cp_penalty,cp_jump,num_windows_total,MAE_CP,tau_mae_when_both_break,tolerance,tolerance_hit_rate,tolerance_hit_rate_when_both_break,break_precision,break_recall,break_f1,coverage_rate,sharpness,coverage_gap
chronos2,train,results/experiments/data_tim_milan_10min_trainable_200_ctx144_h48/q50_q95_seed42/cp_sweep/train/train_forecast_cache/chronos2_forecast_windows.csv,clasp,8,16,0.05,0.5,normal,10.0,1,10000,6.8752,6.8752,3,0.4718,0.4718,1.0,1.0,1.0,0.9221652236484761,1.6674037306335947,0.02783477635152387
chronos2,train,results/experiments/data_tim_milan_10min_trainable_200_ctx144_h48/q50_q95_seed42/cp_sweep/train/train_forecast_cache/chronos2_forecast_windows.csv,clasp,8,16,0.05,0.6,normal,10.0,1,10000,6.8752,6.8752,3,0.4718,0.4718,1.0,1.0,1.0,0.9221652236484761,1.6674037306335947,0.02783477635152387
chronos2,train,results/experiments/data_tim_milan_10min_trainable_200_ctx144_h48/q50_q95_seed42/cp_sweep/train/train_forecast_cache/chronos2_forecast_windows.csv,clasp,8,16,0.05,0.7,normal,10.0,1,10000,6.8752,6.8752,3,0.4718,0.4718,1.0,1.0,1.0,0.9221652236484761,1.6674037306335947,0.02783477635152387
chronos2,train,results/experiments/data_tim_milan_10min_trainable_200_ctx144_h48/q50_q95_seed42/cp_sweep/train/train_forecast_cache/chronos2_forecast_windows.csv,clasp,8,16,0.05,0.75,normal,10.0,1,10000,6.9063,6.870980667134128,3,0.4712,0.4720024040869478,0.9986994797919168,0.9995994793231201,0.9991492768853526,0.9222033725468384,1.6597935134698374,0.027796627453161582
chronos2,train,results/experiments/data_tim_milan_10min_trainable_200_ctx144_h48/q50_q95_seed42/cp_sweep/train/train_forecast_cache/chronos2_forecast_windows.csv,clasp,8,8,0.05,0.5,normal,10.0,1,10000,15.6735,15.6735,3,0.4428,0.4428,1.0,1.0,1.0,0.9165250403961701,2.701346046083445,0.033474959603829846
chronos2,train,results/experiments/data_tim_milan_10min_trainable_200_ctx144_h48/q50_q95_seed42/cp_sweep/train/train_forecast_cache/chronos2_forecast_windows.csv,clasp,8,8,0.05,0.6,normal,10.0,1,10000,15.6735,15.6735,3,0.4428,0.4428,1.0,1.0,1.0,0.9165250403961701,2.701346046083445,0.033474959603829846
chronos2,train,results/experiments/data_tim_milan_10min_trainable_200_ctx144_h48/q50_q95_seed42/cp_sweep/train/train_forecast_cache/chronos2_forecast_windows.csv,clasp,8,8,0.05,0.7,normal,10.0,1,10000,15.6735,15.6735,3,0.4428,0.4428,1.0,1.0,1.0,0.9165250403961701,2.701346046083445,0.033474959603829846
chronos2,train,results/experiments/data_tim_milan_10min_trainable_200_ctx144_h48/q50_q95_seed42/cp_sweep/train/train_forecast_cache/chronos2_forecast_windows.csv,clasp,8,8,0.05,0.75,normal,10.0,1,10000,15.6735,15.6735,3,0.4428,0.4428,1.0,1.0,1.0,0.9165250403961701,2.701346046083445,0.033474959603829846
chronos2,train,results/experiments/data_tim_milan_10min_trainable_200_ctx144_h48/q50_q95_seed42/cp_sweep/train/train_forecast_cache/chronos2_forecast_windows.csv,clasp,8,auto,0.05,0.5,normal,10.0,1,10000,11.1644,11.1644,3,0.4105,0.4105,1.0,1.0,1.0,0.915058006959883,2.211363656799627,0.034941993040116914
chronos2,train,results/experiments/data_tim_milan_10min_trainable_200_ctx144_h48/q50_q95_seed42/cp_sweep/train/train_forecast_cache/chronos2_forecast_windows.csv,clasp,8,auto,0.05,0.6,normal,10.0,1,10000,11.1644,11.1644,3,0.4105,0.4105,1.0,1.0,1.0,0.915058006959883,2.211363656799627,0.034941993040116914
chronos2,train,results/experiments/data_tim_milan_10min_trainable_200_ctx144_h48/q50_q95_seed42/cp_sweep/train/train_forecast_cache/chronos2_forecast_windows.csv,clasp,8,auto,0.05,0.7,normal,10.0,1,10000,11.1644,11.1644,3,0.4105,0.4105,1.0,1.0,1.0,0.915058006959883,2.211363656799627,0.034941993040116914
chronos2,train,results/experiments/data_tim_milan_10min_trainable_200_ctx144_h48/q50_q95_seed42/cp_sweep/train/train_forecast_cache/chronos2_forecast_windows.csv,clasp,8,auto,0.05,0.75,normal,10.0,1,10000,11.1644,11.1644,3,0.4105,0.4105,1.0,1.0,1.0,0.915058006959883,2.211363656799627,0.034941993040116914
chronos2,train,results/experiments/data_tim_milan_10min_trainable_200_ctx144_h48/q50_q95_seed42/cp_sweep/train/train_forecast_cache/chronos2_forecast_windows.csv,clasp,10,16,0.05,0.5,normal,10.0,1,10000,6.8752,6.8752,3,0.4718,0.4718,1.0,1.0,1.0,0.9221652236484761,1.6674037306335947,0.02783477635152387
chronos2,train,results/experiments/data_tim_milan_10min_trainable_200_ctx144_h48/q50_q95_seed42/cp_sweep/train/train_forecast_cache/chronos2_forecast_windows.csv,clasp,10,16,0.05,0.6,normal,10.0,1,10000,6.8752,6.8752,3,0.4718,0.4718,1.0,1.0,1.0,0.9221652236484761,1.6674037306335947,0.02783477635152387
chronos2,train,results/experiments/data_tim_milan_10min_trainable_200_ctx144_h48/q50_q95_seed42/cp_sweep/train/train_forecast_cache/chronos2_forecast_windows.csv,clasp,10,16,0.05,0.7,normal,10.0,1,10000,6.8752,6.8752,3,0.4718,0.4718,1.0,1.0,1.0,0.9221652236484761,1.6674037306335947,0.02783477635152387
chronos2,train,results/experiments/data_tim_milan_10min_trainable_200_ctx144_h48/q50_q95_seed42/cp_sweep/train/train_forecast_cache/chronos2_forecast_windows.csv,clasp,10,16,0.05,0.75,normal,10.0,1,10000,6.9063,6.870980667134128,3,0.4712,0.4720024040869478,0.9986994797919168,0.9995994793231201,0.9991492768853526,0.9222033725468384,1.6597935134698374,0.027796627453161582
chronos2,train,results/experiments/data_tim_milan_10min_trainable_200_ctx144_h48/q50_q95_seed42/cp_sweep/train/train_forecast_cache/chronos2_forecast_windows.csv,clasp,10,8,0.05,0.5,normal,10.0,1,10000,13.8504,13.8504,3,0.404,0.404,1.0,1.0,1.0,0.9186062203668883,2.1466199460869837,0.03139377963311163
chronos2,train,results/experiments/data_tim_milan_10min_trainable_200_ctx144_h48/q50_q95_seed42/cp_sweep/train/train_forecast_cache/chronos2_forecast_windows.csv,clasp,10,8,0.05,0.6,normal,10.0,1,10000,13.8504,13.8504,3,0.404,0.404,1.0,1.0,1.0,0.9186062203668883,2.1466199460869837,0.03139377963311163
chronos2,train,results/experiments/data_tim_milan_10min_trainable_200_ctx144_h48/q50_q95_seed42/cp_sweep/train/train_forecast_cache/chronos2_forecast_windows.csv,clasp,10,8,0.05,0.7,normal,10.0,1,10000,13.8552,13.850370074014803,3,0.4039,0.4039807961592318,0.9998,1.0,0.9998999899989999,0.918614796492017,2.1463655922109983,0.031385203507982906
chronos2,train,results/experiments/data_tim_milan_10min_trainable_200_ctx144_h48/q50_q95_seed42/cp_sweep/train/train_forecast_cache/chronos2_forecast_windows.csv,clasp,10,8,0.05,0.75,normal,10.0,1,10000,14.0315,13.868285280728376,3,0.3977,0.40232675771370763,0.9934673366834171,0.9949672873678913,0.9942167462911743,0.9156447119135184,2.1568446398536247,0.034355288086481583
chronos2,train,results/experiments/data_tim_milan_10min_trainable_200_ctx144_h48/q50_q95_seed42/cp_sweep/train/train_forecast_cache/chronos2_forecast_windows.csv,clasp,10,auto,0.05,0.5,normal,10.0,1,10000,11.1644,11.1644,3,0.4105,0.4105,1.0,1.0,1.0,0.915058006959883,2.211363656799627,0.034941993040116914
chronos2,train,results/experiments/data_tim_milan_10min_trainable_200_ctx144_h48/q50_q95_seed42/cp_sweep/train/train_forecast_cache/chronos2_forecast_windows.csv,clasp,10,auto,0.05,0.6,normal,10.0,1,10000,11.1644,11.1644,3,0.4105,0.4105,1.0,1.0,1.0,0.915058006959883,2.211363656799627,0.034941993040116914
chronos2,train,results/experiments/data_tim_milan_10min_trainable_200_ctx144_h48/q50_q95_seed42/cp_sweep/train/train_forecast_cache/chronos2_forecast_windows.csv,clasp,10,auto,0.05,0.7,normal,10.0,1,10000,11.1644,11.1644,3,0.4105,0.4105,1.0,1.0,1.0,0.915058006959883,2.211363656799627,0.034941993040116914
chronos2,train,results/experiments/data_tim_milan_10min_trainable_200_ctx144_h48/q50_q95_seed42/cp_sweep/train/train_forecast_cache/chronos2_forecast_windows.csv,clasp,10,auto,0.05,0.75,normal,10.0,1,10000,11.1644,11.1644,3,0.4105,0.4105,1.0,1.0,1.0,0.915058006959883,2.211363656799627,0.034941993040116914
chronos2,train,results/experiments/data_tim_milan_10min_trainable_200_ctx144_h48/q50_q95_seed42/cp_sweep/train/train_forecast_cache/chronos2_forecast_windows.csv,clasp,12,16,0.05,0.5,normal,10.0,1,10000,6.8752,6.8752,3,0.4718,0.4718,1.0,1.0,1.0,0.9221652236484761,1.6674037306335947,0.02783477635152387
chronos2,train,results/experiments/data_tim_milan_10min_trainable_200_ctx144_h48/q50_q95_seed42/cp_sweep/train/train_forecast_cache/chronos2_forecast_windows.csv,clasp,12,16,0.05,0.6,normal,10.0,1,10000,6.8752,6.8752,3,0.4718,0.4718,1.0,1.0,1.0,0.9221652236484761,1.6674037306335947,0.02783477635152387
chronos2,train,results/experiments/data_tim_milan_10min_trainable_200_ctx144_h48/q50_q95_seed42/cp_sweep/train/train_forecast_cache/chronos2_forecast_windows.csv,clasp,12,16,0.05,0.7,normal,10.0,1,10000,6.8752,6.8752,3,0.4718,0.4718,1.0,1.0,1.0,0.9221652236484761,1.6674037306335947,0.02783477635152387
chronos2,train,results/experiments/data_tim_milan_10min_trainable_200_ctx144_h48/q50_q95_seed42/cp_sweep/train/train_forecast_cache/chronos2_forecast_windows.csv,clasp,12,16,0.05,0.75,normal,10.0,1,10000,6.9063,6.870980667134128,3,0.4712,0.4720024040869478,0.9986994797919168,0.9995994793231201,0.9991492768853526,0.9222033725468384,1.6597935134698374,0.027796627453161582
chronos2,train,results/experiments/data_tim_milan_10min_trainable_200_ctx144_h48/q50_q95_seed42/cp_sweep/train/train_forecast_cache/chronos2_forecast_windows.csv,clasp,12,8,0.05,0.5,normal,10.0,1,10000,11.7989,11.7989,3,0.3709,0.3709,1.0,1.0,1.0,0.9215583674246028,2.0265483371412616,0.028441632575397113
chronos2,train,results/experiments/data_tim_milan_10min_trainable_200_ctx144_h48/q50_q95_seed42/cp_sweep/train/train_forecast_cache/chronos2_forecast_windows.csv,clasp,12,8,0.05,0.6,normal,10.0,1,10000,11.8689,11.803135363280072,3,0.3683,0.3701135564264898,0.997593984962406,0.9974939855653568,0.9975439827577566,0.9215176984277652,2.029181104550793,0.028482301572234747
chronos2,train,results/experiments/data_tim_milan_10min_trainable_200_ctx144_h48/q50_q95_seed42/cp_sweep/train/train_forecast_cache/chronos2_forecast_windows.csv,clasp,12,8,0.05,0.7,normal,10.0,1,10000,13.3455,11.815022293357723,3,0.3216,0.3650394420944324,0.910292434176293,0.9596269884805266,0.9343089083529161,0.9173579663624163,1.7810516615787768,0.03264203363758367
chronos2,train,results/experiments/data_tim_milan_10min_trainable_200_ctx144_h48/q50_q95_seed42/cp_sweep/train/train_forecast_cache/chronos2_forecast_windows.csv,clasp,12,8,0.05,0.75,normal,10.0,1,10000,16.0842,11.888869655530552,3,0.2454,0.33598753678379784,0.6924367733429222,0.8347059673457593,0.7569444444444445,0.9139775234507052,1.2603654396693862,0.0360224765492948
chronos2,train,results/experiments/data_tim_milan_10min_trainable_200_ctx144_h48/q50_q95_seed42/cp_sweep/train/train_forecast_cache/chronos2_forecast_windows.csv,clasp,12,auto,0.05,0.5,normal,10.0,1,10000,11.1644,11.1644,3,0.4105,0.4105,1.0,1.0,1.0,0.915058006959883,2.211363656799627,0.034941993040116914
chronos2,train,results/experiments/data_tim_milan_10min_trainable_200_ctx144_h48/q50_q95_seed42/cp_sweep/train/train_forecast_cache/chronos2_forecast_windows.csv,clasp,12,auto,0.05,0.6,normal,10.0,1,10000,11.1644,11.1644,3,0.4105,0.4105,1.0,1.0,1.0,0.915058006959883,2.211363656799627,0.034941993040116914
chronos2,train,results/experiments/data_tim_milan_10min_trainable_200_ctx144_h48/q50_q95_seed42/cp_sweep/train/train_forecast_cache/chronos2_forecast_windows.csv,clasp,12,auto,0.05,0.7,normal,10.0,1,10000,11.1644,11.1644,3,0.4105,0.4105,1.0,1.0,1.0,0.915058006959883,2.211363656799627,0.034941993040116914
chronos2,train,results/experiments/data_tim_milan_10min_trainable_200_ctx144_h48/q50_q95_seed42/cp_sweep/train/train_forecast_cache/chronos2_forecast_windows.csv,clasp,12,auto,0.05,0.75,normal,10.0,1,10000,11.1644,11.1644,3,0.4105,0.4105,1.0,1.0,1.0,0.915058006959883,2.211363656799627,0.034941993040116914
deepar,train,results/experiments/data_tim_milan_10min_trainable_200_ctx144_h48/q50_q95_seed42/cp_sweep/train/train_forecast_cache/deepar_forecast_windows.csv,clasp,8,16,0.05,0.5,normal,10.0,1,10000,6.078,6.078,3,0.5109,0.5109,1.0,1.0,1.0,0.8332629233304705,-4.258383904275559,0.11673707666952948
deepar,train,results/experiments/data_tim_milan_10min_trainable_200_ctx144_h48/q50_q95_seed42/cp_sweep/train/train_forecast_cache/deepar_forecast_windows.csv,clasp,8,16,0.05,0.6,normal,10.0,1,10000,6.078,6.078,3,0.5109,0.5109,1.0,1.0,1.0,0.8332629233304705,-4.258383904275559,0.11673707666952948
deepar,train,results/experiments/data_tim_milan_10min_trainable_200_ctx144_h48/q50_q95_seed42/cp_sweep/train/train_forecast_cache/deepar_forecast_windows.csv,clasp,8,16,0.05,0.7,normal,10.0,1,10000,6.0812,6.077615523104621,3,0.5108,0.5109021804360873,1.0,0.9998,0.9998999899989999,0.8332629233304705,-4.25835565224614,0.11673707666952948
deepar,train,results/experiments/data_tim_milan_10min_trainable_200_ctx144_h48/q50_q95_seed42/cp_sweep/train/train_forecast_cache/deepar_forecast_windows.csv,clasp,8,16,0.05,0.75,normal,10.0,1,10000,6.1261,6.078203328654502,3,0.5094,0.5107278925205534,0.9986983078001401,0.9986983078001401,0.9986983078001401,0.8331757376866813,-4.267771982509949,0.11682426231331866
deepar,train,results/experiments/data_tim_milan_10min_trainable_200_ctx144_h48/q50_q95_seed42/cp_sweep/train/train_forecast_cache/deepar_forecast_windows.csv,clasp,8,8,0.05,0.5,normal,10.0,1,10000,14.4135,14.4135,3,0.4972,0.4972,1.0,1.0,1.0,0.8212842060126235,-3.323635616178041,0.12871579398737643
deepar,train,results/experiments/data_tim_milan_10min_trainable_200_ctx144_h48/q50_q95_seed42/cp_sweep/train/train_forecast_cache/deepar_forecast_windows.csv,clasp,8,8,0.05,0.6,normal,10.0,1,10000,14.4135,14.4135,3,0.4972,0.4972,1.0,1.0,1.0,0.8212842060126235,-3.323635616178041,0.12871579398737643
deepar,train,results/experiments/data_tim_milan_10min_trainable_200_ctx144_h48/q50_q95_seed42/cp_sweep/train/train_forecast_cache/deepar_forecast_windows.csv,clasp,8,8,0.05,0.7,normal,10.0,1,10000,14.4135,14.4135,3,0.4972,0.4972,1.0,1.0,1.0,0.8212842060126235,-3.323635616178041,0.12871579398737643
deepar,train,results/experiments/data_tim_milan_10min_trainable_200_ctx144_h48/q50_q95_seed42/cp_sweep/train/train_forecast_cache/deepar_forecast_windows.csv,clasp,8,8,0.05,0.75,normal,10.0,1,10000,14.4135,14.4135,3,0.4972,0.4972,1.0,1.0,1.0,0.8212842060126235,-3.323635616178041,0.12871579398737643
deepar,train,results/experiments/data_tim_milan_10min_trainable_200_ctx144_h48/q50_q95_seed42/cp_sweep/train/train_forecast_cache/deepar_forecast_windows.csv,clasp,8,auto,0.05,0.5,normal,10.0,1,10000,10.2933,10.2933,3,0.4587,0.4587,1.0,1.0,1.0,0.8322820514041159,-3.850314149387049,0.11771794859588403
deepar,train,results/experiments/data_tim_milan_10min_trainable_200_ctx144_h48/q50_q95_seed42/cp_sweep/train/train_forecast_cache/deepar_forecast_windows.csv,clasp,8,auto,0.05,0.6,normal,10.0,1,10000,10.2933,10.2933,3,0.4587,0.4587,1.0,1.0,1.0,0.8322820514041159,-3.850314149387049,0.11771794859588403
deepar,train,results/experiments/data_tim_milan_10min_trainable_200_ctx144_h48/q50_q95_seed42/cp_sweep/train/train_forecast_cache/deepar_forecast_windows.csv,clasp,8,auto,0.05,0.7,normal,10.0,1,10000,10.2933,10.2933,3,0.4587,0.4587,1.0,1.0,1.0,0.8322820514041159,-3.850314149387049,0.11771794859588403
deepar,train,results/experiments/data_tim_milan_10min_trainable_200_ctx144_h48/q50_q95_seed42/cp_sweep/train/train_forecast_cache/deepar_forecast_windows.csv,clasp,8,auto,0.05,0.75,normal,10.0,1,10000,10.2933,10.2933,3,0.4587,0.4587,1.0,1.0,1.0,0.8322820514041159,-3.850314149387049,0.11771794859588403
deepar,train,results/experiments/data_tim_milan_10min_trainable_200_ctx144_h48/q50_q95_seed42/cp_sweep/train/train_forecast_cache/deepar_forecast_windows.csv,clasp,10,16,0.05,0.5,normal,10.0,1,10000,6.078,6.078,3,0.5109,0.5109,1.0,1.0,1.0,0.8332629233304705,-4.258383904275559,0.11673707666952948
deepar,train,results/experiments/data_tim_milan_10min_trainable_200_ctx144_h48/q50_q95_seed42/cp_sweep/train/train_forecast_cache/deepar_forecast_windows.csv,clasp,10,16,0.05,0.6,normal,10.0,1,10000,6.078,6.078,3,0.5109,0.5109,1.0,1.0,1.0,0.8332629233304705,-4.258383904275559,0.11673707666952948
deepar,train,results/experiments/data_tim_milan_10min_trainable_200_ctx144_h48/q50_q95_seed42/cp_sweep/train/train_forecast_cache/deepar_forecast_windows.csv,clasp,10,16,0.05,0.7,normal,10.0,1,10000,6.0812,6.077615523104621,3,0.5108,0.5109021804360873,1.0,0.9998,0.9998999899989999,0.8332629233304705,-4.25835565224614,0.11673707666952948
deepar,train,results/experiments/data_tim_milan_10min_trainable_200_ctx144_h48/q50_q95_seed42/cp_sweep/train/train_forecast_cache/deepar_forecast_windows.csv,clasp,10,16,0.05,0.75,normal,10.0,1,10000,6.1261,6.078203328654502,3,0.5094,0.5107278925205534,0.9986983078001401,0.9986983078001401,0.9986983078001401,0.8331757376866813,-4.267771982509949,0.11682426231331866
deepar,train,results/experiments/data_tim_milan_10min_trainable_200_ctx144_h48/q50_q95_seed42/cp_sweep/train/train_forecast_cache/deepar_forecast_windows.csv,clasp,10,8,0.05,0.5,normal,10.0,1,10000,13.3914,13.3914,3,0.4135,0.4135,1.0,1.0,1.0,0.8331459006216768,-3.9542958976263005,0.11685409937832314
deepar,train,results/experiments/data_tim_milan_10min_trainable_200_ctx144_h48/q50_q95_seed42/cp_sweep/train/train_forecast_cache/deepar_forecast_windows.csv,clasp,10,8,0.05,0.6,normal,10.0,1,10000,13.3914,13.3914,3,0.4135,0.4135,1.0,1.0,1.0,0.8331459006216768,-3.9542958976263005,0.11685409937832314
deepar,train,results/experiments/data_tim_milan_10min_trainable_200_ctx144_h48/q50_q95_seed42/cp_sweep/train/train_forecast_cache/deepar_forecast_windows.csv,clasp,10,8,0.05,0.7,normal,10.0,1,10000,13.398,13.39319659829915,3,0.4132,0.41340670335167584,0.9997999399819946,0.9996999399879976,0.999749937484371,0.8331459410838767,-3.9543818913166624,0.11685405891612322
deepar,train,results/experiments/data_tim_milan_10min_trainable_200_ctx144_h48/q50_q95_seed42/cp_sweep/train/train_forecast_cache/deepar_forecast_windows.csv,clasp,10,8,0.05,0.75,normal,10.0,1,10000,13.4657,13.371422793002326,3,0.4097,0.4141975932854687,0.993569777956395,0.99536990437846,0.9944690265486724,0.8320873732308035,-3.9737087902148676,0.11791262676919645
deepar,train,results/experiments/data_tim_milan_10min_trainable_200_ctx144_h48/q50_q95_seed42/cp_sweep/train/train_forecast_cache/deepar_forecast_windows.csv,clasp,10,auto,0.05,0.5,normal,10.0,1,10000,10.2933,10.2933,3,0.4587,0.4587,1.0,1.0,1.0,0.8322820514041159,-3.850314149387049,0.11771794859588403
deepar,train,results/experiments/data_tim_milan_10min_trainable_200_ctx144_h48/q50_q95_seed42/cp_sweep/train/train_forecast_cache/deepar_forecast_windows.csv,clasp,10,auto,0.05,0.6,normal,10.0,1,10000,10.2933,10.2933,3,0.4587,0.4587,1.0,1.0,1.0,0.8322820514041159,-3.850314149387049,0.11771794859588403
deepar,train,results/experiments/data_tim_milan_10min_trainable_200_ctx144_h48/q50_q95_seed42/cp_sweep/train/train_forecast_cache/deepar_forecast_windows.csv,clasp,10,auto,0.05,0.7,normal,10.0,1,10000,10.2933,10.2933,3,0.4587,0.4587,1.0,1.0,1.0,0.8322820514041159,-3.850314149387049,0.11771794859588403
deepar,train,results/experiments/data_tim_milan_10min_trainable_200_ctx144_h48/q50_q95_seed42/cp_sweep/train/train_forecast_cache/deepar_forecast_windows.csv,clasp,10,auto,0.05,0.75,normal,10.0,1,10000,10.2933,10.2933,3,0.4587,0.4587,1.0,1.0,1.0,0.8322820514041159,-3.850314149387049,0.11771794859588403
deepar,train,results/experiments/data_tim_milan_10min_trainable_200_ctx144_h48/q50_q95_seed42/cp_sweep/train/train_forecast_cache/deepar_forecast_windows.csv,clasp,12,16,0.05,0.5,normal,10.0,1,10000,6.078,6.078,3,0.5109,0.5109,1.0,1.0,1.0,0.8332629233304705,-4.258383904275559,0.11673707666952948
deepar,train,results/experiments/data_tim_milan_10min_trainable_200_ctx144_h48/q50_q95_seed42/cp_sweep/train/train_forecast_cache/deepar_forecast_windows.csv,clasp,12,16,0.05,0.6,normal,10.0,1,10000,6.078,6.078,3,0.5109,0.5109,1.0,1.0,1.0,0.8332629233304705,-4.258383904275559,0.11673707666952948
deepar,train,results/experiments/data_tim_milan_10min_trainable_200_ctx144_h48/q50_q95_seed42/cp_sweep/train/train_forecast_cache/deepar_forecast_windows.csv,clasp,12,16,0.05,0.7,normal,10.0,1,10000,6.0812,6.077615523104621,3,0.5108,0.5109021804360873,1.0,0.9998,0.9998999899989999,0.8332629233304705,-4.25835565224614,0.11673707666952948
deepar,train,results/experiments/data_tim_milan_10min_trainable_200_ctx144_h48/q50_q95_seed42/cp_sweep/train/train_forecast_cache/deepar_forecast_windows.csv,clasp,12,16,0.05,0.75,normal,10.0,1,10000,6.1261,6.078203328654502,3,0.5094,0.5107278925205534,0.9986983078001401,0.9986983078001401,0.9986983078001401,0.8331757376866813,-4.267771982509949,0.11682426231331866
deepar,train,results/experiments/data_tim_milan_10min_trainable_200_ctx144_h48/q50_q95_seed42/cp_sweep/train/train_forecast_cache/deepar_forecast_windows.csv,clasp,12,8,0.05,0.5,normal,10.0,1,10000,11.3801,11.3801,3,0.3835,0.3835,1.0,1.0,1.0,0.8388917238217971,-4.008915880306973,0.11110827617820285
deepar,train,results/experiments/data_tim_milan_10min_trainable_200_ctx144_h48/q50_q95_seed42/cp_sweep/train/train_forecast_cache/deepar_forecast_windows.csv,clasp,12,8,0.05,0.6,normal,10.0,1,10000,11.4278,11.385334003013561,3,0.381,0.38272225012556504,0.9975949493937268,0.9978949478748997,0.9977449260836883,0.8387855306076661,-4.016555065097378,0.11121446939233381
deepar,train,results/experiments/data_tim_milan_10min_trainable_200_ctx144_h48/q50_q95_seed42/cp_sweep/train/train_forecast_cache/deepar_forecast_windows.csv,clasp,12,8,0.05,0.7,normal,10.0,1,10000,12.9748,11.340379092475589,3,0.3319,0.37633543940264214,0.911804755420551,0.9550191991223258,0.932911799378416,0.8305877551661082,-4.381878655751583,0.11941224483389179
deepar,train,results/experiments/data_tim_milan_10min_trainable_200_ctx144_h48/q50_q95_seed42/cp_sweep/train/train_forecast_cache/deepar_forecast_windows.csv,clasp,12,8,0.05,0.75,normal,10.0,1,10000,15.0438,10.937242798353909,3,0.2723,0.3674554183813443,0.7000360100828232,0.8426527958387516,0.7647521636506688,0.8231132988400449,-5.418134949942335,0.12688670115995504
deepar,train,results/experiments/data_tim_milan_10min_trainable_200_ctx144_h48/q50_q95_seed42/cp_sweep/train/train_forecast_cache/deepar_forecast_windows.csv,clasp,12,auto,0.05,0.5,normal,10.0,1,10000,10.2933,10.2933,3,0.4587,0.4587,1.0,1.0,1.0,0.8322820514041159,-3.850314149387049,0.11771794859588403
deepar,train,results/experiments/data_tim_milan_10min_trainable_200_ctx144_h48/q50_q95_seed42/cp_sweep/train/train_forecast_cache/deepar_forecast_windows.csv,clasp,12,auto,0.05,0.6,normal,10.0,1,10000,10.2933,10.2933,3,0.4587,0.4587,1.0,1.0,1.0,0.8322820514041159,-3.850314149387049,0.11771794859588403
deepar,train,results/experiments/data_tim_milan_10min_trainable_200_ctx144_h48/q50_q95_seed42/cp_sweep/train/train_forecast_cache/deepar_forecast_windows.csv,clasp,12,auto,0.05,0.7,normal,10.0,1,10000,10.2933,10.2933,3,0.4587,0.4587,1.0,1.0,1.0,0.8322820514041159,-3.850314149387049,0.11771794859588403
deepar,train,results/experiments/data_tim_milan_10min_trainable_200_ctx144_h48/q50_q95_seed42/cp_sweep/train/train_forecast_cache/deepar_forecast_windows.csv,clasp,12,auto,0.05,0.75,normal,10.0,1,10000,10.2933,10.2933,3,0.4587,0.4587,1.0,1.0,1.0,0.8322820514041159,-3.850314149387049,0.11771794859588403
lstm,train,results/experiments/data_tim_milan_10min_trainable_200_ctx144_h48/q50_q95_seed42/cp_sweep/train/train_forecast_cache/lstm_forecast_windows.csv,clasp,8,16,0.05,0.5,normal,10.0,1,10000,6.471,6.471,3,0.5259,0.5259,1.0,1.0,1.0,0.9582832339082195,-0.7274420900913692,0.0082832339082195
lstm,train,results/experiments/data_tim_milan_10min_trainable_200_ctx144_h48/q50_q95_seed42/cp_sweep/train/train_forecast_cache/lstm_forecast_windows.csv,clasp,8,16,0.05,0.6,normal,10.0,1,10000,6.471,6.471,3,0.5259,0.5259,1.0,1.0,1.0,0.9582832339082195,-0.7274420900913692,0.0082832339082195
lstm,train,results/experiments/data_tim_milan_10min_trainable_200_ctx144_h48/q50_q95_seed42/cp_sweep/train/train_forecast_cache/lstm_forecast_windows.csv,clasp,8,16,0.05,0.7,normal,10.0,1,10000,6.471,6.471,3,0.5259,0.5259,1.0,1.0,1.0,0.9582832339082195,-0.7274420900913692,0.0082832339082195
lstm,train,results/experiments/data_tim_milan_10min_trainable_200_ctx144_h48/q50_q95_seed42/cp_sweep/train/train_forecast_cache/lstm_forecast_windows.csv,clasp,8,16,0.05,0.75,normal,10.0,1,10000,6.4951,6.466706718734355,3,0.5254,0.5260839090818064,0.9987,1.0,0.9993495772251965,0.9582788701319168,-0.7370686298678891,0.00827887013191686
lstm,train,results/experiments/data_tim_milan_10min_trainable_200_ctx144_h48/q50_q95_seed42/cp_sweep/train/train_forecast_cache/lstm_forecast_windows.csv,clasp,8,8,0.05,0.5,normal,10.0,1,10000,14.2648,14.2648,3,0.5182,0.5182,1.0,1.0,1.0,0.9293524585449012,-0.7692510810561233,0.020647541455098728
lstm,train,results/experiments/data_tim_milan_10min_trainable_200_ctx144_h48/q50_q95_seed42/cp_sweep/train/train_forecast_cache/lstm_forecast_windows.csv,clasp,8,8,0.05,0.6,normal,10.0,1,10000,14.2648,14.2648,3,0.5182,0.5182,1.0,1.0,1.0,0.9293524585449012,-0.7692510810561233,0.020647541455098728
lstm,train,results/experiments/data_tim_milan_10min_trainable_200_ctx144_h48/q50_q95_seed42/cp_sweep/train/train_forecast_cache/lstm_forecast_windows.csv,clasp,8,8,0.05,0.7,normal,10.0,1,10000,14.2648,14.2648,3,0.5182,0.5182,1.0,1.0,1.0,0.9293524585449012,-0.7692510810561233,0.020647541455098728
lstm,train,results/experiments/data_tim_milan_10min_trainable_200_ctx144_h48/q50_q95_seed42/cp_sweep/train/train_forecast_cache/lstm_forecast_windows.csv,clasp,8,8,0.05,0.75,normal,10.0,1,10000,14.2648,14.2648,3,0.5182,0.5182,1.0,1.0,1.0,0.9293524585449012,-0.7692510810561233,0.020647541455098728
lstm,train,results/experiments/data_tim_milan_10min_trainable_200_ctx144_h48/q50_q95_seed42/cp_sweep/train/train_forecast_cache/lstm_forecast_windows.csv,clasp,8,auto,0.05,0.5,normal,10.0,1,10000,9.1358,9.1358,3,0.5299,0.5299,1.0,1.0,1.0,0.9501240115966314,-0.8314269051386592,0.0001240115966314459
lstm,train,results/experiments/data_tim_milan_10min_trainable_200_ctx144_h48/q50_q95_seed42/cp_sweep/train/train_forecast_cache/lstm_forecast_windows.csv,clasp,8,auto,0.05,0.6,normal,10.0,1,10000,9.1358,9.1358,3,0.5299,0.5299,1.0,1.0,1.0,0.9501240115966314,-0.8314269051386592,0.0001240115966314459
lstm,train,results/experiments/data_tim_milan_10min_trainable_200_ctx144_h48/q50_q95_seed42/cp_sweep/train/train_forecast_cache/lstm_forecast_windows.csv,clasp,8,auto,0.05,0.7,normal,10.0,1,10000,9.1358,9.1358,3,0.5299,0.5299,1.0,1.0,1.0,0.9501240115966314,-0.8314269051386592,0.0001240115966314459
lstm,train,results/experiments/data_tim_milan_10min_trainable_200_ctx144_h48/q50_q95_seed42/cp_sweep/train/train_forecast_cache/lstm_forecast_windows.csv,clasp,8,auto,0.05,0.75,normal,10.0,1,10000,9.1358,9.1358,3,0.5299,0.5299,1.0,1.0,1.0,0.9501240115966314,-0.8314269051386592,0.0001240115966314459
lstm,train,results/experiments/data_tim_milan_10min_trainable_200_ctx144_h48/q50_q95_seed42/cp_sweep/train/train_forecast_cache/lstm_forecast_windows.csv,clasp,10,16,0.05,0.5,normal,10.0,1,10000,6.471,6.471,3,0.5259,0.5259,1.0,1.0,1.0,0.9582832339082195,-0.7274420900913692,0.0082832339082195
lstm,train,results/experiments/data_tim_milan_10min_trainable_200_ctx144_h48/q50_q95_seed42/cp_sweep/train/train_forecast_cache/lstm_forecast_windows.csv,clasp,10,16,0.05,0.6,normal,10.0,1,10000,6.471,6.471,3,0.5259,0.5259,1.0,1.0,1.0,0.9582832339082195,-0.7274420900913692,0.0082832339082195
lstm,train,results/experiments/data_tim_milan_10min_trainable_200_ctx144_h48/q50_q95_seed42/cp_sweep/train/train_forecast_cache/lstm_forecast_windows.csv,clasp,10,16,0.05,0.7,normal,10.0,1,10000,6.471,6.471,3,0.5259,0.5259,1.0,1.0,1.0,0.9582832339082195,-0.7274420900913692,0.0082832339082195
lstm,train,results/experiments/data_tim_milan_10min_trainable_200_ctx144_h48/q50_q95_seed42/cp_sweep/train/train_forecast_cache/lstm_forecast_windows.csv,clasp,10,16,0.05,0.75,normal,10.0,1,10000,6.4951,6.466706718734355,3,0.5254,0.5260839090818064,0.9987,1.0,0.9993495772251965,0.9582788701319168,-0.7370686298678891,0.00827887013191686
lstm,train,results/experiments/data_tim_milan_10min_trainable_200_ctx144_h48/q50_q95_seed42/cp_sweep/train/train_forecast_cache/lstm_forecast_windows.csv,clasp,10,8,0.05,0.5,normal,10.0,1,10000,13.0805,13.0805,3,0.4477,0.4477,1.0,1.0,1.0,0.9352817338575451,-1.2207726882213545,0.014718266142454861
lstm,train,results/experiments/data_tim_milan_10min_trainable_200_ctx144_h48/q50_q95_seed42/cp_sweep/train/train_forecast_cache/lstm_forecast_windows.csv,clasp,10,8,0.05,0.6,normal,10.0,1,10000,13.0805,13.0805,3,0.4477,0.4477,1.0,1.0,1.0,0.9352817338575451,-1.2207726882213545,0.014718266142454861
lstm,train,results/experiments/data_tim_milan_10min_trainable_200_ctx144_h48/q50_q95_seed42/cp_sweep/train/train_forecast_cache/lstm_forecast_windows.csv,clasp,10,8,0.05,0.7,normal,10.0,1,10000,13.0853,13.083016603320663,3,0.4475,0.4475895179035807,0.9998,1.0,0.9998999899989999,0.9352642230717337,-1.2210270420973397,0.01473577692826622
lstm,train,results/experiments/data_tim_milan_10min_trainable_200_ctx144_h48/q50_q95_seed42/cp_sweep/train/train_forecast_cache/lstm_forecast_windows.csv,clasp,10,8,0.05,0.75,normal,10.0,1,10000,13.1092,13.051233014594867,3,0.4455,0.44841469552088575,0.9935,1.0,0.9967394030599448,0.9353839295664772,-1.2418324865182357,0.014616070433522754
lstm,train,results/experiments/data_tim_milan_10min_trainable_200_ctx144_h48/q50_q95_seed42/cp_sweep/train/train_forecast_cache/lstm_forecast_windows.csv,clasp,10,auto,0.05,0.5,normal,10.0,1,10000,9.1358,9.1358,3,0.5299,0.5299,1.0,1.0,1.0,0.9501240115966314,-0.8314269051386592,0.0001240115966314459
lstm,train,results/experiments/data_tim_milan_10min_trainable_200_ctx144_h48/q50_q95_seed42/cp_sweep/train/train_forecast_cache/lstm_forecast_windows.csv,clasp,10,auto,0.05,0.6,normal,10.0,1,10000,9.1358,9.1358,3,0.5299,0.5299,1.0,1.0,1.0,0.9501240115966314,-0.8314269051386592,0.0001240115966314459
lstm,train,results/experiments/data_tim_milan_10min_trainable_200_ctx144_h48/q50_q95_seed42/cp_sweep/train/train_forecast_cache/lstm_forecast_windows.csv,clasp,10,auto,0.05,0.7,normal,10.0,1,10000,9.1358,9.1358,3,0.5299,0.5299,1.0,1.0,1.0,0.9501240115966314,-0.8314269051386592,0.0001240115966314459
lstm,train,results/experiments/data_tim_milan_10min_trainable_200_ctx144_h48/q50_q95_seed42/cp_sweep/train/train_forecast_cache/lstm_forecast_windows.csv,clasp,10,auto,0.05,0.75,normal,10.0,1,10000,9.1358,9.1358,3,0.5299,0.5299,1.0,1.0,1.0,0.9501240115966314,-0.8314269051386592,0.0001240115966314459
lstm,train,results/experiments/data_tim_milan_10min_trainable_200_ctx144_h48/q50_q95_seed42/cp_sweep/train/train_forecast_cache/lstm_forecast_windows.csv,clasp,12,16,0.05,0.5,normal,10.0,1,10000,6.471,6.471,3,0.5259,0.5259,1.0,1.0,1.0,0.9582832339082195,-0.7274420900913692,0.0082832339082195
lstm,train,results/experiments/data_tim_milan_10min_trainable_200_ctx144_h48/q50_q95_seed42/cp_sweep/train/train_forecast_cache/lstm_forecast_windows.csv,clasp,12,16,0.05,0.6,normal,10.0,1,10000,6.471,6.471,3,0.5259,0.5259,1.0,1.0,1.0,0.9582832339082195,-0.7274420900913692,0.0082832339082195
lstm,train,results/experiments/data_tim_milan_10min_trainable_200_ctx144_h48/q50_q95_seed42/cp_sweep/train/train_forecast_cache/lstm_forecast_windows.csv,clasp,12,16,0.05,0.7,normal,10.0,1,10000,6.471,6.471,3,0.5259,0.5259,1.0,1.0,1.0,0.9582832339082195,-0.7274420900913692,0.0082832339082195
lstm,train,results/experiments/data_tim_milan_10min_trainable_200_ctx144_h48/q50_q95_seed42/cp_sweep/train/train_forecast_cache/lstm_forecast_windows.csv,clasp,12,16,0.05,0.75,normal,10.0,1,10000,6.4951,6.466706718734355,3,0.5254,0.5260839090818064,0.9987,1.0,0.9993495772251965,0.9582788701319168,-0.7370686298678891,0.00827887013191686
lstm,train,results/experiments/data_tim_milan_10min_trainable_200_ctx144_h48/q50_q95_seed42/cp_sweep/train/train_forecast_cache/lstm_forecast_windows.csv,clasp,12,8,0.05,0.5,normal,10.0,1,10000,10.9638,10.9638,3,0.4427,0.4427,1.0,1.0,1.0,0.9565433615000735,-0.6004638711536066,0.006543361500073508
lstm,train,results/experiments/data_tim_milan_10min_trainable_200_ctx144_h48/q50_q95_seed42/cp_sweep/train/train_forecast_cache/lstm_forecast_windows.csv,clasp,12,8,0.05,0.6,normal,10.0,1,10000,10.9916,10.955793905372895,3,0.4418,0.4428628708901363,0.9976,1.0,0.9987985582699239,0.9564917246259255,-0.6088335003753164,0.00649172462592551
lstm,train,results/experiments/data_tim_milan_10min_trainable_200_ctx144_h48/q50_q95_seed42/cp_sweep/train/train_forecast_cache/lstm_forecast_windows.csv,clasp,12,8,0.05,0.7,normal,10.0,1,10000,12.3774,10.962372731297034,3,0.3934,0.4349269588313413,0.9111626499949581,0.9913329676357652,0.9495586380832282,0.9564893224608961,-0.9872137154182172,0.006489322460896174
lstm,train,results/experiments/data_tim_milan_10min_trainable_200_ctx144_h48/q50_q95_seed42/cp_sweep/train/train_forecast_cache/lstm_forecast_windows.csv,clasp,12,8,0.05,0.75,normal,10.0,1,10000,15.2428,10.69283276450512,3,0.3023,0.4281725100837729,0.6959619952494062,0.9313682993787025,0.7966384477538156,0.954630788485607,-2.043332476731046,0.004630788485607051
lstm,train,results/experiments/data_tim_milan_10min_trainable_200_ctx144_h48/q50_q95_seed42/cp_sweep/train/train_forecast_cache/lstm_forecast_windows.csv,clasp,12,auto,0.05,0.5,normal,10.0,1,10000,9.1358,9.1358,3,0.5299,0.5299,1.0,1.0,1.0,0.9501240115966314,-0.8314269051386592,0.0001240115966314459
lstm,train,results/experiments/data_tim_milan_10min_trainable_200_ctx144_h48/q50_q95_seed42/cp_sweep/train/train_forecast_cache/lstm_forecast_windows.csv,clasp,12,auto,0.05,0.6,normal,10.0,1,10000,9.1358,9.1358,3,0.5299,0.5299,1.0,1.0,1.0,0.9501240115966314,-0.8314269051386592,0.0001240115966314459
lstm,train,results/experiments/data_tim_milan_10min_trainable_200_ctx144_h48/q50_q95_seed42/cp_sweep/train/train_forecast_cache/lstm_forecast_windows.csv,clasp,12,auto,0.05,0.7,normal,10.0,1,10000,9.1358,9.1358,3,0.5299,0.5299,1.0,1.0,1.0,0.9501240115966314,-0.8314269051386592,0.0001240115966314459
lstm,train,results/experiments/data_tim_milan_10min_trainable_200_ctx144_h48/q50_q95_seed42/cp_sweep/train/train_forecast_cache/lstm_forecast_windows.csv,clasp,12,auto,0.05,0.75,normal,10.0,1,10000,9.1358,9.1358,3,0.5299,0.5299,1.0,1.0,1.0,0.9501240115966314,-0.8314269051386592,0.0001240115966314459
seasonal_naive,train,results/experiments/data_tim_milan_10min_trainable_200_ctx144_h48/q50_q95_seed42/cp_sweep/train/train_forecast_cache/seasonal_naive_forecast_windows.csv,clasp,8,16,0.05,0.5,normal,10.0,1,10000,6.5335,6.5335,3,0.493,0.493,1.0,1.0,1.0,0.9775028434808849,5.406619921972409,0.027502843480884942
seasonal_naive,train,results/experiments/data_tim_milan_10min_trainable_200_ctx144_h48/q50_q95_seed42/cp_sweep/train/train_forecast_cache/seasonal_naive_forecast_windows.csv,clasp,8,16,0.05,0.6,normal,10.0,1,10000,6.5335,6.5335,3,0.493,0.493,1.0,1.0,1.0,0.9775028434808849,5.406619921972409,0.027502843480884942
seasonal_naive,train,results/experiments/data_tim_milan_10min_trainable_200_ctx144_h48/q50_q95_seed42/cp_sweep/train/train_forecast_cache/seasonal_naive_forecast_windows.csv,clasp,8,16,0.05,0.7,normal,10.0,1,10000,6.5399,6.534806961392278,3,0.4928,0.4928985797159432,1.0,0.9998,0.9998999899989999,0.9775028434808849,5.406619921972409,0.027502843480884942
seasonal_naive,train,results/experiments/data_tim_milan_10min_trainable_200_ctx144_h48/q50_q95_seed42/cp_sweep/train/train_forecast_cache/seasonal_naive_forecast_windows.csv,clasp,8,16,0.05,0.75,normal,10.0,1,10000,6.5848,6.531228070175438,3,0.4918,0.4930325814536341,0.9986984381257509,0.9987984379693602,0.9987484355444306,0.9775101741895412,5.404545613681422,0.02751017418954127
seasonal_naive,train,results/experiments/data_tim_milan_10min_trainable_200_ctx144_h48/q50_q95_seed42/cp_sweep/train/train_forecast_cache/seasonal_naive_forecast_windows.csv,clasp,8,8,0.05,0.5,normal,10.0,1,10000,14.4762,14.4762,3,0.5209,0.5209,1.0,1.0,1.0,0.9615595797752456,5.582501009755098,0.011559579775245687
seasonal_naive,train,results/experiments/data_tim_milan_10min_trainable_200_ctx144_h48/q50_q95_seed42/cp_sweep/train/train_forecast_cache/seasonal_naive_forecast_windows.csv,clasp,8,8,0.05,0.6,normal,10.0,1,10000,14.4762,14.4762,3,0.5209,0.5209,1.0,1.0,1.0,0.9615595797752456,5.582501009755098,0.011559579775245687
seasonal_naive,train,results/experiments/data_tim_milan_10min_trainable_200_ctx144_h48/q50_q95_seed42/cp_sweep/train/train_forecast_cache/seasonal_naive_forecast_windows.csv,clasp,8,8,0.05,0.7,normal,10.0,1,10000,14.4762,14.4762,3,0.5209,0.5209,1.0,1.0,1.0,0.9615595797752456,5.582501009755098,0.011559579775245687
seasonal_naive,train,results/experiments/data_tim_milan_10min_trainable_200_ctx144_h48/q50_q95_seed42/cp_sweep/train/train_forecast_cache/seasonal_naive_forecast_windows.csv,clasp,8,8,0.05,0.75,normal,10.0,1,10000,14.4762,14.4762,3,0.5209,0.5209,1.0,1.0,1.0,0.9615595797752456,5.582501009755098,0.011559579775245687
seasonal_naive,train,results/experiments/data_tim_milan_10min_trainable_200_ctx144_h48/q50_q95_seed42/cp_sweep/train/train_forecast_cache/seasonal_naive_forecast_windows.csv,clasp,8,auto,0.05,0.5,normal,10.0,1,10000,10.6633,10.6633,3,0.4666,0.4666,1.0,1.0,1.0,0.9700325143648749,5.661485895917442,0.020032514364874965
seasonal_naive,train,results/experiments/data_tim_milan_10min_trainable_200_ctx144_h48/q50_q95_seed42/cp_sweep/train/train_forecast_cache/seasonal_naive_forecast_windows.csv,clasp,8,auto,0.05,0.6,normal,10.0,1,10000,10.6633,10.6633,3,0.4666,0.4666,1.0,1.0,1.0,0.9700325143648749,5.661485895917442,0.020032514364874965
seasonal_naive,train,results/experiments/data_tim_milan_10min_trainable_200_ctx144_h48/q50_q95_seed42/cp_sweep/train/train_forecast_cache/seasonal_naive_forecast_windows.csv,clasp,8,auto,0.05,0.7,normal,10.0,1,10000,10.6633,10.6633,3,0.4666,0.4666,1.0,1.0,1.0,0.9700325143648749,5.661485895917442,0.020032514364874965
seasonal_naive,train,results/experiments/data_tim_milan_10min_trainable_200_ctx144_h48/q50_q95_seed42/cp_sweep/train/train_forecast_cache/seasonal_naive_forecast_windows.csv,clasp,8,auto,0.05,0.75,normal,10.0,1,10000,10.6633,10.6633,3,0.4666,0.4666,1.0,1.0,1.0,0.9700325143648749,5.661485895917442,0.020032514364874965
seasonal_naive,train,results/experiments/data_tim_milan_10min_trainable_200_ctx144_h48/q50_q95_seed42/cp_sweep/train/train_forecast_cache/seasonal_naive_forecast_windows.csv,clasp,10,16,0.05,0.5,normal,10.0,1,10000,6.5335,6.5335,3,0.493,0.493,1.0,1.0,1.0,0.9775028434808849,5.406619921972409,0.027502843480884942
seasonal_naive,train,results/experiments/data_tim_milan_10min_trainable_200_ctx144_h48/q50_q95_seed42/cp_sweep/train/train_forecast_cache/seasonal_naive_forecast_windows.csv,clasp,10,16,0.05,0.6,normal,10.0,1,10000,6.5335,6.5335,3,0.493,0.493,1.0,1.0,1.0,0.9775028434808849,5.406619921972409,0.027502843480884942
seasonal_naive,train,results/experiments/data_tim_milan_10min_trainable_200_ctx144_h48/q50_q95_seed42/cp_sweep/train/train_forecast_cache/seasonal_naive_forecast_windows.csv,clasp,10,16,0.05,0.7,normal,10.0,1,10000,6.5399,6.534806961392278,3,0.4928,0.4928985797159432,1.0,0.9998,0.9998999899989999,0.9775028434808849,5.406619921972409,0.027502843480884942
seasonal_naive,train,results/experiments/data_tim_milan_10min_trainable_200_ctx144_h48/q50_q95_seed42/cp_sweep/train/train_forecast_cache/seasonal_naive_forecast_windows.csv,clasp,10,16,0.05,0.75,normal,10.0,1,10000,6.5848,6.531228070175438,3,0.4918,0.4930325814536341,0.9986984381257509,0.9987984379693602,0.9987484355444306,0.9775101741895412,5.404545613681422,0.02751017418954127
seasonal_naive,train,results/experiments/data_tim_milan_10min_trainable_200_ctx144_h48/q50_q95_seed42/cp_sweep/train/train_forecast_cache/seasonal_naive_forecast_windows.csv,clasp,10,8,0.05,0.5,normal,10.0,1,10000,13.0802,13.0802,3,0.467,0.467,1.0,1.0,1.0,0.9635091002330164,5.547069777853596,0.013509100233016436
seasonal_naive,train,results/experiments/data_tim_milan_10min_trainable_200_ctx144_h48/q50_q95_seed42/cp_sweep/train/train_forecast_cache/seasonal_naive_forecast_windows.csv,clasp,10,8,0.05,0.6,normal,10.0,1,10000,13.0802,13.0802,3,0.467,0.467,1.0,1.0,1.0,0.9635091002330164,5.547069777853596,0.013509100233016436
seasonal_naive,train,results/experiments/data_tim_milan_10min_trainable_200_ctx144_h48/q50_q95_seed42/cp_sweep/train/train_forecast_cache/seasonal_naive_forecast_windows.csv,clasp,10,8,0.05,0.7,normal,10.0,1,10000,13.0804,13.07852355706712,3,0.4669,0.46704011203361007,0.9997999799979999,0.9998999799959992,0.9998499774966245,0.9635079829098269,5.546815423977611,0.01350798290982691
seasonal_naive,train,results/experiments/data_tim_milan_10min_trainable_200_ctx144_h48/q50_q95_seed42/cp_sweep/train/train_forecast_cache/seasonal_naive_forecast_windows.csv,clasp,10,8,0.05,0.75,normal,10.0,1,10000,13.2108,13.069974683544304,3,0.4622,0.46805063291139243,0.9934607645875252,0.9939607448414696,0.9937106918238993,0.9649704669564249,5.550191560666091,0.0149704669564249
seasonal_naive,train,results/experiments/data_tim_milan_10min_trainable_200_ctx144_h48/q50_q95_seed42/cp_sweep/train/train_forecast_cache/seasonal_naive_forecast_windows.csv,clasp,10,auto,0.05,0.5,normal,10.0,1,10000,10.6633,10.6633,3,0.4666,0.4666,1.0,1.0,1.0,0.9700325143648749,5.661485895917442,0.020032514364874965
seasonal_naive,train,results/experiments/data_tim_milan_10min_trainable_200_ctx144_h48/q50_q95_seed42/cp_sweep/train/train_forecast_cache/seasonal_naive_forecast_windows.csv,clasp,10,auto,0.05,0.6,normal,10.0,1,10000,10.6633,10.6633,3,0.4666,0.4666,1.0,1.0,1.0,0.9700325143648749,5.661485895917442,0.020032514364874965
seasonal_naive,train,results/experiments/data_tim_milan_10min_trainable_200_ctx144_h48/q50_q95_seed42/cp_sweep/train/train_forecast_cache/seasonal_naive_forecast_windows.csv,clasp,10,auto,0.05,0.7,normal,10.0,1,10000,10.6633,10.6633,3,0.4666,0.4666,1.0,1.0,1.0,0.9700325143648749,5.661485895917442,0.020032514364874965
seasonal_naive,train,results/experiments/data_tim_milan_10min_trainable_200_ctx144_h48/q50_q95_seed42/cp_sweep/train/train_forecast_cache/seasonal_naive_forecast_windows.csv,clasp,10,auto,0.05,0.75,normal,10.0,1,10000,10.6633,10.6633,3,0.4666,0.4666,1.0,1.0,1.0,0.9700325143648749,5.661485895917442,0.020032514364874965
seasonal_naive,train,results/experiments/data_tim_milan_10min_trainable_200_ctx144_h48/q50_q95_seed42/cp_sweep/train/train_forecast_cache/seasonal_naive_forecast_windows.csv,clasp,12,16,0.05,0.5,normal,10.0,1,10000,6.5335,6.5335,3,0.493,0.493,1.0,1.0,1.0,0.9775028434808849,5.406619921972409,0.027502843480884942
seasonal_naive,train,results/experiments/data_tim_milan_10min_trainable_200_ctx144_h48/q50_q95_seed42/cp_sweep/train/train_forecast_cache/seasonal_naive_forecast_windows.csv,clasp,12,16,0.05,0.6,normal,10.0,1,10000,6.5335,6.5335,3,0.493,0.493,1.0,1.0,1.0,0.9775028434808849,5.406619921972409,0.027502843480884942
seasonal_naive,train,results/experiments/data_tim_milan_10min_trainable_200_ctx144_h48/q50_q95_seed42/cp_sweep/train/train_forecast_cache/seasonal_naive_forecast_windows.csv,clasp,12,16,0.05,0.7,normal,10.0,1,10000,6.5399,6.534806961392278,3,0.4928,0.4928985797159432,1.0,0.9998,0.9998999899989999,0.9775028434808849,5.406619921972409,0.027502843480884942
seasonal_naive,train,results/experiments/data_tim_milan_10min_trainable_200_ctx144_h48/q50_q95_seed42/cp_sweep/train/train_forecast_cache/seasonal_naive_forecast_windows.csv,clasp,12,16,0.05,0.75,normal,10.0,1,10000,6.5848,6.531228070175438,3,0.4918,0.4930325814536341,0.9986984381257509,0.9987984379693602,0.9987484355444306,0.9775101741895412,5.404545613681422,0.02751017418954127
seasonal_naive,train,results/experiments/data_tim_milan_10min_trainable_200_ctx144_h48/q50_q95_seed42/cp_sweep/train/train_forecast_cache/seasonal_naive_forecast_windows.csv,clasp,12,8,0.05,0.5,normal,10.0,1,10000,11.3816,11.3816,3,0.4315,0.4315,1.0,1.0,1.0,0.9715060412900771,5.5778458724524,0.02150604129007716
seasonal_naive,train,results/experiments/data_tim_milan_10min_trainable_200_ctx144_h48/q50_q95_seed42/cp_sweep/train/train_forecast_cache/seasonal_naive_forecast_windows.csv,clasp,12,8,0.05,0.6,normal,10.0,1,10000,11.4117,11.371359710785299,3,0.4298,0.43161277364932715,0.9975956722099779,0.998195669607057,0.997895580719511,0.9716488618124709,5.576392926182294,0.021648861812470943
seasonal_naive,train,results/experiments/data_tim_milan_10min_trainable_200_ctx144_h48/q50_q95_seed42/cp_sweep/train/train_forecast_cache/seasonal_naive_forecast_windows.csv,clasp,12,8,0.05,0.7,normal,10.0,1,10000,13.2414,11.256971873129862,3,0.3651,0.42716935966487135,0.9123170998034505,0.9166209544706527,0.9144639632244294,0.9732963419323952,5.49116570203958,0.02329634193239527
seasonal_naive,train,results/experiments/data_tim_milan_10min_trainable_200_ctx144_h48/q50_q95_seed42/cp_sweep/train/train_forecast_cache/seasonal_naive_forecast_windows.csv,clasp,12,8,0.05,0.75,normal,10.0,1,10000,15.7284,11.176396997497914,3,0.2936,0.41075896580483734,0.6941670285135331,0.6929634445889322,0.6935647143890095,0.9740171348205876,5.5054552378344574,0.02401713482058765
seasonal_naive,train,results/experiments/data_tim_milan_10min_trainable_200_ctx144_h48/q50_q95_seed42/cp_sweep/train/train_forecast_cache/seasonal_naive_forecast_windows.csv,clasp,12,auto,0.05,0.5,normal,10.0,1,10000,10.6633,10.6633,3,0.4666,0.4666,1.0,1.0,1.0,0.9700325143648749,5.661485895917442,0.020032514364874965
seasonal_naive,train,results/experiments/data_tim_milan_10min_trainable_200_ctx144_h48/q50_q95_seed42/cp_sweep/train/train_forecast_cache/seasonal_naive_forecast_windows.csv,clasp,12,auto,0.05,0.6,normal,10.0,1,10000,10.6633,10.6633,3,0.4666,0.4666,1.0,1.0,1.0,0.9700325143648749,5.661485895917442,0.020032514364874965
seasonal_naive,train,results/experiments/data_tim_milan_10min_trainable_200_ctx144_h48/q50_q95_seed42/cp_sweep/train/train_forecast_cache/seasonal_naive_forecast_windows.csv,clasp,12,auto,0.05,0.7,normal,10.0,1,10000,10.6633,10.6633,3,0.4666,0.4666,1.0,1.0,1.0,0.9700325143648749,5.661485895917442,0.020032514364874965
seasonal_naive,train,results/experiments/data_tim_milan_10min_trainable_200_ctx144_h48/q50_q95_seed42/cp_sweep/train/train_forecast_cache/seasonal_naive_forecast_windows.csv,clasp,12,auto,0.05,0.75,normal,10.0,1,10000,10.6633,10.6633,3,0.4666,0.4666,1.0,1.0,1.0,0.9700325143648749,5.661485895917442,0.020032514364874965
tft,train,results/experiments/data_tim_milan_10min_trainable_200_ctx144_h48/q50_q95_seed42/cp_sweep/train/train_forecast_cache/tft_forecast_windows.csv,clasp,8,16,0.05,0.5,normal,10.0,1,10000,5.7393,5.7393,3,0.5668,0.5668,1.0,1.0,1.0,0.9623221373691419,-0.970258991512916,0.012322137369141895
tft,train,results/experiments/data_tim_milan_10min_trainable_200_ctx144_h48/q50_q95_seed42/cp_sweep/train/train_forecast_cache/tft_forecast_windows.csv,clasp,8,16,0.05,0.6,normal,10.0,1,10000,5.7393,5.7393,3,0.5668,0.5668,1.0,1.0,1.0,0.9623221373691419,-0.970258991512916,0.012322137369141895
tft,train,results/experiments/data_tim_milan_10min_trainable_200_ctx144_h48/q50_q95_seed42/cp_sweep/train/train_forecast_cache/tft_forecast_windows.csv,clasp,8,16,0.05,0.7,normal,10.0,1,10000,5.7393,5.7393,3,0.5668,0.5668,1.0,1.0,1.0,0.9623221373691419,-0.970258991512916,0.012322137369141895
tft,train,results/experiments/data_tim_milan_10min_trainable_200_ctx144_h48/q50_q95_seed42/cp_sweep/train/train_forecast_cache/tft_forecast_windows.csv,clasp,8,16,0.05,0.75,normal,10.0,1,10000,5.7714,5.7385601281666165,3,0.566,0.5667367577851207,0.9987,1.0,0.9993495772251965,0.9623207349519334,-0.979885531289436,0.01232073495193342
tft,train,results/experiments/data_tim_milan_10min_trainable_200_ctx144_h48/q50_q95_seed42/cp_sweep/train/train_forecast_cache/tft_forecast_windows.csv,clasp,8,8,0.05,0.5,normal,10.0,1,10000,13.0167,13.0167,3,0.4411,0.4411,1.0,1.0,1.0,0.9406424690557493,-0.2188170395560317,0.009357530944250625
tft,train,results/experiments/data_tim_milan_10min_trainable_200_ctx144_h48/q50_q95_seed42/cp_sweep/train/train_forecast_cache/tft_forecast_windows.csv,clasp,8,8,0.05,0.6,normal,10.0,1,10000,13.0167,13.0167,3,0.4411,0.4411,1.0,1.0,1.0,0.9406424690557493,-0.2188170395560317,0.009357530944250625
tft,train,results/experiments/data_tim_milan_10min_trainable_200_ctx144_h48/q50_q95_seed42/cp_sweep/train/train_forecast_cache/tft_forecast_windows.csv,clasp,8,8,0.05,0.7,normal,10.0,1,10000,13.0167,13.0167,3,0.4411,0.4411,1.0,1.0,1.0,0.9406424690557493,-0.2188170395560317,0.009357530944250625
tft,train,results/experiments/data_tim_milan_10min_trainable_200_ctx144_h48/q50_q95_seed42/cp_sweep/train/train_forecast_cache/tft_forecast_windows.csv,clasp,8,8,0.05,0.75,normal,10.0,1,10000,13.0167,13.0167,3,0.4411,0.4411,1.0,1.0,1.0,0.9406424690557493,-0.2188170395560317,0.009357530944250625
tft,train,results/experiments/data_tim_milan_10min_trainable_200_ctx144_h48/q50_q95_seed42/cp_sweep/train/train_forecast_cache/tft_forecast_windows.csv,clasp,8,auto,0.05,0.5,normal,10.0,1,10000,9.6904,9.6904,3,0.4551,0.4551,1.0,1.0,1.0,0.9512094105997781,-0.7113641574455973,0.0012094105997781934
tft,train,results/experiments/data_tim_milan_10min_trainable_200_ctx144_h48/q50_q95_seed42/cp_sweep/train/train_forecast_cache/tft_forecast_windows.csv,clasp,8,auto,0.05,0.6,normal,10.0,1,10000,9.6904,9.6904,3,0.4551,0.4551,1.0,1.0,1.0,0.9512094105997781,-0.7113641574455973,0.0012094105997781934
tft,train,results/experiments/data_tim_milan_10min_trainable_200_ctx144_h48/q50_q95_seed42/cp_sweep/train/train_forecast_cache/tft_forecast_windows.csv,clasp,8,auto,0.05,0.7,normal,10.0,1,10000,9.6904,9.6904,3,0.4551,0.4551,1.0,1.0,1.0,0.9512094105997781,-0.7113641574455973,0.0012094105997781934
tft,train,results/experiments/data_tim_milan_10min_trainable_200_ctx144_h48/q50_q95_seed42/cp_sweep/train/train_forecast_cache/tft_forecast_windows.csv,clasp,8,auto,0.05,0.75,normal,10.0,1,10000,9.6904,9.6904,3,0.4551,0.4551,1.0,1.0,1.0,0.9512094105997781,-0.7113641574455973,0.0012094105997781934
tft,train,results/experiments/data_tim_milan_10min_trainable_200_ctx144_h48/q50_q95_seed42/cp_sweep/train/train_forecast_cache/tft_forecast_windows.csv,clasp,10,16,0.05,0.5,normal,10.0,1,10000,5.7393,5.7393,3,0.5668,0.5668,1.0,1.0,1.0,0.9623221373691419,-0.970258991512916,0.012322137369141895
tft,train,results/experiments/data_tim_milan_10min_trainable_200_ctx144_h48/q50_q95_seed42/cp_sweep/train/train_forecast_cache/tft_forecast_windows.csv,clasp,10,16,0.05,0.6,normal,10.0,1,10000,5.7393,5.7393,3,0.5668,0.5668,1.0,1.0,1.0,0.9623221373691419,-0.970258991512916,0.012322137369141895
tft,train,results/experiments/data_tim_milan_10min_trainable_200_ctx144_h48/q50_q95_seed42/cp_sweep/train/train_forecast_cache/tft_forecast_windows.csv,clasp,10,16,0.05,0.7,normal,10.0,1,10000,5.7393,5.7393,3,0.5668,0.5668,1.0,1.0,1.0,0.9623221373691419,-0.970258991512916,0.012322137369141895
tft,train,results/experiments/data_tim_milan_10min_trainable_200_ctx144_h48/q50_q95_seed42/cp_sweep/train/train_forecast_cache/tft_forecast_windows.csv,clasp,10,16,0.05,0.75,normal,10.0,1,10000,5.7714,5.7385601281666165,3,0.566,0.5667367577851207,0.9987,1.0,0.9993495772251965,0.9623207349519334,-0.979885531289436,0.01232073495193342
tft,train,results/experiments/data_tim_milan_10min_trainable_200_ctx144_h48/q50_q95_seed42/cp_sweep/train/train_forecast_cache/tft_forecast_windows.csv,clasp,10,8,0.05,0.5,normal,10.0,1,10000,12.9644,12.9644,3,0.3658,0.3658,1.0,1.0,1.0,0.9464872110912183,-0.7089137646192505,0.0035127889087817055
tft,train,results/experiments/data_tim_milan_10min_trainable_200_ctx144_h48/q50_q95_seed42/cp_sweep/train/train_forecast_cache/tft_forecast_windows.csv,clasp,10,8,0.05,0.6,normal,10.0,1,10000,12.9644,12.9644,3,0.3658,0.3658,1.0,1.0,1.0,0.9464872110912183,-0.7089137646192505,0.0035127889087817055
tft,train,results/experiments/data_tim_milan_10min_trainable_200_ctx144_h48/q50_q95_seed42/cp_sweep/train/train_forecast_cache/tft_forecast_windows.csv,clasp,10,8,0.05,0.7,normal,10.0,1,10000,12.964,12.961592318463692,3,0.3658,0.36587317463492697,0.9998,1.0,0.9998999899989999,0.9464897683831797,-0.7091681184952356,0.003510231616820292
tft,train,results/experiments/data_tim_milan_10min_trainable_200_ctx144_h48/q50_q95_seed42/cp_sweep/train/train_forecast_cache/tft_forecast_windows.csv,clasp,10,8,0.05,0.75,normal,10.0,1,10000,13.0827,12.982788122798189,3,0.3624,0.36477101157523906,0.9935,1.0,0.9967394030599448,0.9448746238716148,-0.7299735629161317,0.005125376128385151
tft,train,results/experiments/data_tim_milan_10min_trainable_200_ctx144_h48/q50_q95_seed42/cp_sweep/train/train_forecast_cache/tft_forecast_windows.csv,clasp,10,auto,0.05,0.5,normal,10.0,1,10000,9.6904,9.6904,3,0.4551,0.4551,1.0,1.0,1.0,0.9512094105997781,-0.7113641574455973,0.0012094105997781934
tft,train,results/experiments/data_tim_milan_10min_trainable_200_ctx144_h48/q50_q95_seed42/cp_sweep/train/train_forecast_cache/tft_forecast_windows.csv,clasp,10,auto,0.05,0.6,normal,10.0,1,10000,9.6904,9.6904,3,0.4551,0.4551,1.0,1.0,1.0,0.9512094105997781,-0.7113641574455973,0.0012094105997781934
tft,train,results/experiments/data_tim_milan_10min_trainable_200_ctx144_h48/q50_q95_seed42/cp_sweep/train/train_forecast_cache/tft_forecast_windows.csv,clasp,10,auto,0.05,0.7,normal,10.0,1,10000,9.6904,9.6904,3,0.4551,0.4551,1.0,1.0,1.0,0.9512094105997781,-0.7113641574455973,0.0012094105997781934
tft,train,results/experiments/data_tim_milan_10min_trainable_200_ctx144_h48/q50_q95_seed42/cp_sweep/train/train_forecast_cache/tft_forecast_windows.csv,clasp,10,auto,0.05,0.75,normal,10.0,1,10000,9.6904,9.6904,3,0.4551,0.4551,1.0,1.0,1.0,0.9512094105997781,-0.7113641574455973,0.0012094105997781934
tft,train,results/experiments/data_tim_milan_10min_trainable_200_ctx144_h48/q50_q95_seed42/cp_sweep/train/train_forecast_cache/tft_forecast_windows.csv,clasp,12,16,0.05,0.5,normal,10.0,1,10000,5.7393,5.7393,3,0.5668,0.5668,1.0,1.0,1.0,0.9623221373691419,-0.970258991512916,0.012322137369141895
tft,train,results/experiments/data_tim_milan_10min_trainable_200_ctx144_h48/q50_q95_seed42/cp_sweep/train/train_forecast_cache/tft_forecast_windows.csv,clasp,12,16,0.05,0.6,normal,10.0,1,10000,5.7393,5.7393,3,0.5668,0.5668,1.0,1.0,1.0,0.9623221373691419,-0.970258991512916,0.012322137369141895
tft,train,results/experiments/data_tim_milan_10min_trainable_200_ctx144_h48/q50_q95_seed42/cp_sweep/train/train_forecast_cache/tft_forecast_windows.csv,clasp,12,16,0.05,0.7,normal,10.0,1,10000,5.7393,5.7393,3,0.5668,0.5668,1.0,1.0,1.0,0.9623221373691419,-0.970258991512916,0.012322137369141895
tft,train,results/experiments/data_tim_milan_10min_trainable_200_ctx144_h48/q50_q95_seed42/cp_sweep/train/train_forecast_cache/tft_forecast_windows.csv,clasp,12,16,0.05,0.75,normal,10.0,1,10000,5.7714,5.7385601281666165,3,0.566,0.5667367577851207,0.9987,1.0,0.9993495772251965,0.9623207349519334,-0.979885531289436,0.01232073495193342
tft,train,results/experiments/data_tim_milan_10min_trainable_200_ctx144_h48/q50_q95_seed42/cp_sweep/train/train_forecast_cache/tft_forecast_windows.csv,clasp,12,8,0.05,0.5,normal,10.0,1,10000,11.7567,11.7567,3,0.3224,0.3224,1.0,1.0,1.0,0.9555054877574143,-0.5807214207255975,0.005505487757414329
tft,train,results/experiments/data_tim_milan_10min_trainable_200_ctx144_h48/q50_q95_seed42/cp_sweep/train/train_forecast_cache/tft_forecast_windows.csv,clasp,12,8,0.05,0.6,normal,10.0,1,10000,11.7839,11.751804330392943,3,0.3218,0.32257417802726546,0.9976,1.0,0.9987985582699239,0.9554130783701223,-0.5890910499473073,0.005413078370122393
tft,train,results/experiments/data_tim_milan_10min_trainable_200_ctx144_h48/q50_q95_seed42/cp_sweep/train/train_forecast_cache/tft_forecast_windows.csv,clasp,12,8,0.05,0.7,normal,10.0,1,10000,13.0303,11.710445468509985,3,0.2938,0.32236120254553435,0.9114911491149115,0.9998902907295667,0.9536465418018206,0.9515880926406994,-0.9740760090430951,0.0015880926406994789
tft,train,results/experiments/data_tim_milan_10min_trainable_200_ctx144_h48/q50_q95_seed42/cp_sweep/train/train_forecast_cache/tft_forecast_windows.csv,clasp,12,8,0.05,0.75,normal,10.0,1,10000,16.4831,11.751918899348299,3,0.2206,0.3170166545981173,0.6927861944416575,0.9976881953474931,0.8177404073898626,0.942373198456834,-2.056140711565717,0.007626801543165973
tft,train,results/experiments/data_tim_milan_10min_trainable_200_ctx144_h48/q50_q95_seed42/cp_sweep/train/train_forecast_cache/tft_forecast_windows.csv,clasp,12,auto,0.05,0.5,normal,10.0,1,10000,9.6904,9.6904,3,0.4551,0.4551,1.0,1.0,1.0,0.9512094105997781,-0.7113641574455973,0.0012094105997781934
tft,train,results/experiments/data_tim_milan_10min_trainable_200_ctx144_h48/q50_q95_seed42/cp_sweep/train/train_forecast_cache/tft_forecast_windows.csv,clasp,12,auto,0.05,0.6,normal,10.0,1,10000,9.6904,9.6904,3,0.4551,0.4551,1.0,1.0,1.0,0.9512094105997781,-0.7113641574455973,0.0012094105997781934
tft,train,results/experiments/data_tim_milan_10min_trainable_200_ctx144_h48/q50_q95_seed42/cp_sweep/train/train_forecast_cache/tft_forecast_windows.csv,clasp,12,auto,0.05,0.7,normal,10.0,1,10000,9.6904,9.6904,3,0.4551,0.4551,1.0,1.0,1.0,0.9512094105997781,-0.7113641574455973,0.0012094105997781934
tft,train,results/experiments/data_tim_milan_10min_trainable_200_ctx144_h48/q50_q95_seed42/cp_sweep/train/train_forecast_cache/tft_forecast_windows.csv,clasp,12,auto,0.05,0.75,normal,10.0,1,10000,9.6904,9.6904,3,0.4551,0.4551,1.0,1.0,1.0,0.9512094105997781,-0.7113641574455973,0.0012094105997781934
