model,calibrator,split,cp_detector,cp_model,cp_penalty,cp_min_size,cp_jump,cp_period_length,cp_exclusion_radius,cp_score_threshold,num_windows,MAE_CP,tolerance_hit_rate,mean_signed_error,coverage_rate,sharpness,delta_MAE_CP,delta_tolerance_hit_rate,delta_coverage_rate,delta_sharpness,coverage_gap
chronos2,extra_trees,test,clasp,normal,10.0,8,1,16,0.05,0.5,7400,6.826486486486487,0.1295945945945946,-1.92,0.877257163761911,1.246493383362227,-0.5889189189189183,-0.2905405405405405,0.003932709511097809,0.09825709756967194,0.07274283623808897
chronos2,global_median_offset,test,clasp,normal,10.0,8,1,16,0.05,0.5,7400,7.415405405405405,0.4201351351351351,-2.2232432432432434,0.8733244542508132,1.148236285792555,0.0,0.0,0.0,0.0,0.07667554574918678
chronos2,gradient_boosting,test,clasp,normal,10.0,8,1,16,0.05,0.5,7400,6.838513513513513,0.12797297297297297,-1.9863513513513513,0.8779030884345187,1.2443660689106484,-0.5768918918918917,-0.2921621621621622,0.004578634183705521,0.09612978311809339,0.07209691156548126
chronos2,per_series_median_offset,test,clasp,normal,10.0,8,1,16,0.05,0.5,7400,7.404459459459459,0.4275675675675676,-2.0582432432432434,0.8736788553986156,1.1739282182323592,-0.010945945945946,0.0074324324324324675,0.00035440114780238563,0.025691932439804166,0.0763211446013844
chronos2,random_forest,test,clasp,normal,10.0,8,1,16,0.05,0.5,7400,6.851891891891892,0.12432432432432433,-1.6389189189189188,0.8790977632714656,1.2775134433022042,-0.563513513513513,-0.2958108108108108,0.0057733090206524285,0.1292771575096492,0.07090223672853435
chronos2,raw_tau,test,clasp,normal,10.0,8,1,16,0.05,0.5,7400,7.415405405405405,0.4201351351351351,-2.2232432432432434,0.8733244542508132,1.148236285792555,0.0,0.0,0.0,0.0,0.07667554574918678
chronos2,extra_trees,train,clasp,normal,10.0,8,1,16,0.05,0.5,25400,1.4833464566929133,0.8607086614173228,-0.006102362204724409,0.9470801415933093,4.280914560749539,-5.932058948712491,0.4405735262821877,0.07375568734249616,3.1326782749569846,0.002919858406690623
chronos2,global_median_offset,train,clasp,normal,10.0,8,1,16,0.05,0.5,25400,5.978425196850393,0.49905511811023623,-1.4511811023622048,0.9375209450785704,3.9961129905536876,-1.4369802085550116,0.07891998297510111,0.06419649082775725,2.8478767047611324,0.012479054921429533
chronos2,gradient_boosting,train,clasp,normal,10.0,8,1,16,0.05,0.5,25400,5.099094488188976,0.30775590551181103,0.0026377952755905513,0.9440457376421747,4.378003254899593,-2.3163109172164287,-0.11237922962332408,0.07072128339136152,3.229766969107038,0.005954262357825257
chronos2,per_series_median_offset,train,clasp,normal,10.0,8,1,16,0.05,0.5,25400,5.963110236220473,0.5051181102362204,-1.2861811023622047,0.9382442942401262,4.023418096478294,-1.4522951691849322,0.08498297510108532,0.06491983998931306,2.8751818106857394,0.011755705759873725
chronos2,random_forest,train,clasp,normal,10.0,8,1,16,0.05,0.5,25400,1.7550393700787401,0.8148031496062992,0.01748031496062992,0.9469061715417958,4.297548514469167,-5.660366035326665,0.39466801447116406,0.07358171729098262,3.149312228676612,0.003093828458204162
chronos2,raw_tau,train,clasp,normal,10.0,8,1,16,0.05,0.5,25400,5.978425196850393,0.49905511811023623,-1.4511811023622048,0.9375209450785704,3.9961129905536876,-1.4369802085550116,0.07891998297510111,0.06419649082775725,2.8478767047611324,0.012479054921429533
chronos2,extra_trees,val,clasp,normal,10.0,8,1,16,0.05,0.5,3600,5.259722222222222,0.2611111111111111,2.2647222222222223,0.9728055027499238,3.9624725739953464,-2.155683183183183,-0.159024024024024,0.09948104849911066,2.8142362882027916,0.02280550274992388
chronos2,global_median_offset,val,clasp,normal,10.0,8,1,16,0.05,0.5,3600,4.734166666666667,0.6127777777777778,0.7369444444444444,0.968132808985503,3.6657371086012205,-2.681238738738738,0.19264264264264264,0.09480835473468985,2.5175008228086657,0.01813280898550307
chronos2,gradient_boosting,val,clasp,normal,10.0,8,1,16,0.05,0.5,3600,5.101111111111111,0.23944444444444443,2.111111111111111,0.9725007618522442,3.929455706688849,-2.314294294294294,-0.1806906906906907,0.09917630760143104,2.781219420896294,0.022500761852244255
chronos2,per_series_median_offset,val,clasp,normal,10.0,8,1,16,0.05,0.5,3600,4.8630555555555555,0.6127777777777778,0.9019444444444444,0.968495595768455,3.7189216814568518,-2.5523498498498496,0.19264264264264264,0.09517114151764183,2.570685395664297,0.018495595768455053
chronos2,random_forest,val,clasp,normal,10.0,8,1,16,0.05,0.5,3600,5.336111111111111,0.24916666666666668,2.451111111111111,0.9730376862910131,3.9669973238439242,-2.079294294294294,-0.17096846846846844,0.09971323204019988,2.8187610380513695,0.023037686291013104
chronos2,raw_tau,val,clasp,normal,10.0,8,1,16,0.05,0.5,3600,4.734166666666667,0.6127777777777778,0.7369444444444444,0.968132808985503,3.6657371086012205,-2.681238738738738,0.19264264264264264,0.09480835473468985,2.5175008228086657,0.01813280898550307
deepar,extra_trees,test,clasp,normal,10.0,8,1,16,0.05,0.5,7400,6.7885135135135135,0.10337837837837838,-1.432837837837838,0.8078345518254517,-1.0004006664433371,-0.3733783783783782,-0.3231081081081081,0.006024819512641222,0.06377764560080856,0.14216544817454824
deepar,global_median_offset,test,clasp,normal,10.0,8,1,16,0.05,0.5,7400,7.161891891891892,0.42648648648648646,-2.737027027027027,0.8018097323128105,-1.0641783120441457,0.0,0.0,0.0,0.0,0.14819026768718946
deepar,gradient_boosting,test,clasp,normal,10.0,8,1,16,0.05,0.5,7400,6.818918918918919,0.11135135135135135,-1.685945945945946,0.8068342260050416,-1.0063389845734694,-0.3429729729729729,-0.31513513513513514,0.0050244936922311245,0.05783932747067633,0.14316577399495833
deepar,per_series_median_offset,test,clasp,normal,10.0,8,1,16,0.05,0.5,7400,7.181486486486486,0.42608108108108106,-2.882027027027027,0.80136958895183,-1.0677109601306936,0.01959459459459456,-0.00040540540540540126,-0.0004401433609805272,-0.0035326480865478516,0.14863041104816999
deepar,random_forest,test,clasp,normal,10.0,8,1,16,0.05,0.5,7400,6.767027027027027,0.10851351351351352,-0.885945945945946,0.8081889529732541,-0.9956978167330273,-0.3948648648648643,-0.31797297297297294,0.0063792206604436075,0.06848049531111844,0.14181104702674585
deepar,raw_tau,test,clasp,normal,10.0,8,1,16,0.05,0.5,7400,7.161891891891892,0.42648648648648646,-2.737027027027027,0.8018097323128105,-1.0641783120441457,0.0,0.0,0.0,0.0,0.14819026768718946
deepar,extra_trees,train,clasp,normal,10.0,8,1,16,0.05,0.5,25400,1.5053149606299212,0.8637007874015749,-0.009330708661417322,0.8142146350932388,-2.8783819061510694,-5.65657693126197,0.4372143009150884,0.012404902780428273,-1.8142035941069237,0.13578536490676119
deepar,global_median_offset,train,clasp,normal,10.0,8,1,16,0.05,0.5,25400,5.59507874015748,0.5166141732283465,-1.2170472440944882,0.8102059988536289,-2.910294615813364,-1.5668131517344115,0.09012768674186,0.008396266540818376,-1.846116303769218,0.13979400114637108
deepar,gradient_boosting,train,clasp,normal,10.0,8,1,16,0.05,0.5,25400,5.0449212598425195,0.3147637795275591,-0.004763779527559055,0.8086842187188112,-2.9013681747915725,-2.116970632049372,-0.11172270695892739,0.006874486406000746,-1.8371898627474268,0.1413157812811887
deepar,per_series_median_offset,train,clasp,normal,10.0,8,1,16,0.05,0.5,25400,5.583385826771654,0.5193700787401575,-1.3620472440944882,0.8101199294597222,-2.911418356580295,-1.578506065120238,0.09288359225367104,0.008310197146911724,-1.8472400445361492,0.13988007054027773
deepar,random_forest,train,clasp,normal,10.0,8,1,16,0.05,0.5,25400,1.7946456692913386,0.8200393700787402,0.01,0.8137916131785061,-2.8795382521511548,-5.367246222600553,0.3935528835922537,0.011981880865695627,-1.815359940107009,0.13620838682149383
deepar,raw_tau,train,clasp,normal,10.0,8,1,16,0.05,0.5,25400,5.59507874015748,0.5166141732283465,-1.2170472440944882,0.8102059988536289,-2.910294615813364,-1.5668131517344115,0.09012768674186,0.008396266540818376,-1.846116303769218,0.13979400114637108
deepar,extra_trees,val,clasp,normal,10.0,8,1,16,0.05,0.5,3600,5.273611111111111,0.20277777777777778,2.3452777777777776,0.7608219297354559,-1.082637713604747,-1.8882807807807804,-0.22370870870870868,-0.04098780257735457,-0.01845940156060122,0.18917807026454403
deepar,global_median_offset,val,clasp,normal,10.0,8,1,16,0.05,0.5,3600,4.3405555555555555,0.6030555555555556,-0.09722222222222222,0.7525213681415158,-1.1116442962357522,-2.821336336336336,0.1765690690690691,-0.049288364171294674,-0.047465984191606525,0.19747863185848413
deepar,gradient_boosting,val,clasp,normal,10.0,8,1,16,0.05,0.5,3600,5.168055555555555,0.24083333333333334,2.1230555555555557,0.7572956422051632,-1.0846115834053145,-1.9938363363363365,-0.18565315315315312,-0.044514090107647286,-0.020433271361168792,0.19270435779483674
deepar,per_series_median_offset,val,clasp,normal,10.0,8,1,16,0.05,0.5,3600,4.3566666666666665,0.6052777777777778,-0.24222222222222223,0.7525068566701978,-1.112896361602921,-2.805225225225225,0.17879129129129134,-0.04930287564261271,-0.048718049558775345,0.19749314332980217
deepar,random_forest,val,clasp,normal,10.0,8,1,16,0.05,0.5,3600,5.603055555555556,0.1638888888888889,2.754166666666667,0.7598496611571447,-1.0738934277695869,-1.558836336336336,-0.2625975975975976,-0.0419600711556658,-0.009715115725441148,0.19015033884285526
deepar,raw_tau,val,clasp,normal,10.0,8,1,16,0.05,0.5,3600,4.3405555555555555,0.6030555555555556,-0.09722222222222222,0.7525213681415158,-1.1116442962357522,-2.821336336336336,0.1765690690690691,-0.049288364171294674,-0.047465984191606525,0.19747863185848413
lstm,extra_trees,test,clasp,normal,10.0,8,1,16,0.05,0.5,7400,6.805945945945946,0.11797297297297298,-0.9081081081081082,0.9840462322013456,2.678714155738158,-0.3686486486486489,-0.3691891891891892,0.00024579434444360615,-0.115572797092232,0.034046232201345616
lstm,global_median_offset,test,clasp,normal,10.0,8,1,16,0.05,0.5,7400,7.174594594594595,0.4871621621621622,1.8718918918918919,0.983800437856902,2.79428695283039,0.0,0.0,0.0,0.0,0.03380043785690201
lstm,gradient_boosting,test,clasp,normal,10.0,8,1,16,0.05,0.5,7400,6.695675675675676,0.11432432432432432,-1.1437837837837839,0.9840462322013456,2.6812905388649066,-0.4789189189189189,-0.37283783783783786,0.00024579434444360615,-0.11299641396548354,0.034046232201345616
lstm,per_series_median_offset,test,clasp,normal,10.0,8,1,16,0.05,0.5,7400,7.3213513513513515,0.46918918918918917,1.6418918918918919,0.9829830287579383,2.6411149032435524,0.1467567567567567,-0.01797297297297301,-0.0008174090989636618,-0.15317204958683783,0.03298302875793835
lstm,random_forest,test,clasp,normal,10.0,8,1,16,0.05,0.5,7400,6.863108108108108,0.12,-0.8531081081081081,0.9840748129390716,2.6896498376353986,-0.311486486486487,-0.3671621621621622,0.00027437508216965334,-0.10463711519499164,0.034074812939071664
lstm,raw_tau,test,clasp,normal,10.0,8,1,16,0.05,0.5,7400,7.174594594594595,0.4871621621621622,1.8718918918918919,0.983800437856902,2.79428695283039,0.0,0.0,0.0,0.0,0.03380043785690201
lstm,extra_trees,train,clasp,normal,10.0,8,1,16,0.05,0.5,25400,1.5108661417322835,0.8516535433070866,-0.004330708661417323,0.9676781956925016,0.6708085962503433,-5.663728452862311,0.36449138114492446,-0.01612224216440039,-2.123478356580047,0.01767819569250162
lstm,global_median_offset,train,clasp,normal,10.0,8,1,16,0.05,0.5,25400,5.941102362204725,0.4946456692913386,-1.2190551181102363,0.9672148859763657,0.6757900347069011,-1.23349223238987,0.007483507129176392,-0.01658555188053623,-2.118496918123489,0.01721488597636578
lstm,gradient_boosting,train,clasp,normal,10.0,8,1,16,0.05,0.5,25400,5.0535826771653545,0.31826771653543307,-0.007440944881889764,0.9672789802058707,0.6586550554475904,-2.1210119174292403,-0.16889444562672912,-0.0165214576510313,-2.1356318973827997,0.01727898020587071
lstm,per_series_median_offset,train,clasp,normal,10.0,8,1,16,0.05,0.5,25400,5.88740157480315,0.4908267716535433,-1.4490551181102362,0.9665446434621139,0.5829645559879257,-1.2871930197914452,0.0036646094913811433,-0.017255794394788082,-2.2113223968424647,0.016544643462113928
lstm,random_forest,train,clasp,normal,10.0,8,1,16,0.05,0.5,25400,1.727283464566929,0.820511811023622,0.015393700787401574,0.9676617143192002,0.6732926272367387,-5.447311130027666,0.33334964886145985,-0.016138723537701738,-2.1209943255936516,0.017661714319200272
lstm,raw_tau,train,clasp,normal,10.0,8,1,16,0.05,0.5,25400,5.941102362204725,0.4946456692913386,-1.2190551181102363,0.9672148859763657,0.6757900347069011,-1.23349223238987,0.007483507129176392,-0.01658555188053623,-2.118496918123489,0.01721488597636578
lstm,extra_trees,val,clasp,normal,10.0,8,1,16,0.05,0.5,3600,5.196944444444444,0.27444444444444444,2.2219444444444445,0.9798871007531453,3.384059735880714,-1.9776501501501507,-0.21271771771771775,-0.003913337103756631,0.5897727830503237,0.02988710075314538
lstm,global_median_offset,val,clasp,normal,10.0,8,1,16,0.05,0.5,3600,4.054444444444444,0.7072222222222222,-0.5544444444444444,0.9796113827981019,3.353210100941944,-3.1201501501501507,0.22006006006006001,-0.004189055058800073,0.5589231481115537,0.029611382798101937
lstm,gradient_boosting,val,clasp,normal,10.0,8,1,16,0.05,0.5,3600,5.022222222222222,0.24583333333333332,2.0122222222222224,0.9799451466384177,3.3769347089659054,-2.1523723723723727,-0.24132882882882886,-0.003855291218484269,0.5826477561355152,0.02994514663841774
lstm,per_series_median_offset,val,clasp,normal,10.0,8,1,16,0.05,0.5,3600,4.259444444444444,0.6925,-0.7844444444444445,0.9780586553670677,3.165518038352087,-2.9151501501501507,0.20533783783783782,-0.005741782489834257,0.3712310855216967,0.028058655367067753
lstm,random_forest,val,clasp,normal,10.0,8,1,16,0.05,0.5,3600,5.501388888888889,0.23027777777777778,2.6108333333333333,0.9798580778105092,3.385740115589322,-1.6732057057057057,-0.25688438438438443,-0.003942360046392812,0.5914531627589317,0.029858077810509198
lstm,raw_tau,val,clasp,normal,10.0,8,1,16,0.05,0.5,3600,4.054444444444444,0.7072222222222222,-0.5544444444444444,0.9796113827981019,3.353210100941944,-3.1201501501501507,0.22006006006006001,-0.004189055058800073,0.5589231481115537,0.029611382798101937
seasonal_naive,extra_trees,test,clasp,normal,10.0,8,1,16,0.05,0.5,7400,6.882297297297297,0.12256756756756756,-1.8277027027027026,0.9696929857153472,4.850505815765583,-0.4506756756756758,-0.30418918918918925,-0.0036126052485667692,-0.028897478805324894,0.019692985715347278
seasonal_naive,global_median_offset,test,clasp,normal,10.0,8,1,16,0.05,0.5,7400,7.332972972972973,0.4267567567567568,0.2172972972972973,0.973305590963914,4.879403294570908,0.0,0.0,0.0,0.0,0.023305590963914047
seasonal_naive,gradient_boosting,test,clasp,normal,10.0,8,1,16,0.05,0.5,7400,6.862837837837838,0.1377027027027027,-1.903918918918919,0.9703732072732262,4.867632014920755,-0.47013513513513505,-0.28905405405405404,-0.002932383690687823,-0.011771279650153232,0.020373207273226224
seasonal_naive,per_series_median_offset,test,clasp,normal,10.0,8,1,16,0.05,0.5,7400,7.332972972972973,0.4267567567567568,0.2172972972972973,0.973305590963914,4.879403294570908,0.0,0.0,0.0,0.0,0.023305590963914047
seasonal_naive,random_forest,test,clasp,normal,10.0,8,1,16,0.05,0.5,7400,6.823108108108108,0.125,-1.3609459459459459,0.9705446916995821,4.94623091778005,-0.5098648648648654,-0.3017567567567568,-0.002760899264331873,0.06682762320914204,0.020544691699582174
seasonal_naive,raw_tau,test,clasp,normal,10.0,8,1,16,0.05,0.5,7400,7.332972972972973,0.4267567567567568,0.2172972972972973,0.973305590963914,4.879403294570908,0.0,0.0,0.0,0.0,0.023305590963914047
seasonal_naive,extra_trees,train,clasp,normal,10.0,8,1,16,0.05,0.5,25400,1.4550787401574803,0.8651968503937008,-0.009173228346456693,0.9834893264795237,6.194799441852962,-5.877894232815493,0.438440093636944,0.010183735515609693,1.315396147282054,0.03348932647952374
seasonal_naive,global_median_offset,train,clasp,normal,10.0,8,1,16,0.05,0.5,25400,6.1780708661417325,0.46700787401574806,0.005,0.9815756559128758,6.175358141721675,-1.1549021068312406,0.040251117258991276,0.008270064948961764,1.2959548471507674,0.03157565591287581
seasonal_naive,gradient_boosting,train,clasp,normal,10.0,8,1,16,0.05,0.5,25400,5.061929133858268,0.3228740157480315,0.007755905511811024,0.9832622497807062,6.235403114491357,-2.2710438391147054,-0.1038827410087253,0.009956658816792197,1.3559998199204486,0.03326224978070624
seasonal_naive,per_series_median_offset,train,clasp,normal,10.0,8,1,16,0.05,0.5,25400,6.1780708661417325,0.46700787401574806,0.005,0.9815756559128758,6.175358141721675,-1.1549021068312406,0.040251117258991276,0.008270064948961764,1.2959548471507674,0.03157565591287581
seasonal_naive,random_forest,train,clasp,normal,10.0,8,1,16,0.05,0.5,25400,1.719212598425197,0.8257874015748031,0.012913385826771654,0.9834453761507204,6.196480800714531,-5.613760374547776,0.39903064481804634,0.01013978518680636,1.3170775061436233,0.03344537615072041
seasonal_naive,raw_tau,train,clasp,normal,10.0,8,1,16,0.05,0.5,25400,6.1780708661417325,0.46700787401574806,0.005,0.9815756559128758,6.175358141721675,-1.1549021068312406,0.040251117258991276,0.008270064948961764,1.2959548471507674,0.03157565591287581
seasonal_naive,extra_trees,val,clasp,normal,10.0,8,1,16,0.05,0.5,3600,5.165555555555556,0.2702777777777778,2.13,0.978697160105063,5.426291945310522,-2.1674174174174174,-0.156478978978979,0.005391569141149022,0.5468886507396142,0.02869716010506307
seasonal_naive,global_median_offset,val,clasp,normal,10.0,8,1,16,0.05,0.5,3600,4.371111111111111,0.6505555555555556,0.3661111111111111,0.9752869643453149,5.129945691917928,-2.9618618618618617,0.22379879879879877,0.0019813733814009193,0.25054239734701955,0.025286964345314966
seasonal_naive,gradient_boosting,val,clasp,normal,10.0,8,1,16,0.05,0.5,3600,4.9863888888888885,0.3136111111111111,1.8608333333333333,0.9783924192073834,5.4186904285368085,-2.3465840840840846,-0.11314564564564566,0.005086828243469399,0.5392871339659004,0.028392419207383446
seasonal_naive,per_series_median_offset,val,clasp,normal,10.0,8,1,16,0.05,0.5,3600,4.371111111111111,0.6505555555555556,0.3661111111111111,0.9752869643453149,5.129945691917928,-2.9618618618618617,0.22379879879879877,0.0019813733814009193,0.25054239734701955,0.025286964345314966
seasonal_naive,random_forest,val,clasp,normal,10.0,8,1,16,0.05,0.5,3600,5.286666666666667,0.25305555555555553,2.3805555555555555,0.978508510977928,5.424464970567665,-2.046306306306306,-0.17370120120120125,0.005202920014014012,0.5450616759967568,0.02850851097792806
seasonal_naive,raw_tau,val,clasp,normal,10.0,8,1,16,0.05,0.5,3600,4.371111111111111,0.6505555555555556,0.3661111111111111,0.9752869643453149,5.129945691917928,-2.9618618618618617,0.22379879879879877,0.0019813733814009193,0.25054239734701955,0.025286964345314966
tft,extra_trees,test,clasp,normal,10.0,8,1,16,0.05,0.5,7400,6.952432432432432,0.10027027027027027,-1.0435135135135136,0.9766209565401303,2.557152769829516,-0.43324324324324337,-0.3613513513513513,0.008505627547258254,0.46248398848482086,0.026620956540130303
tft,global_median_offset,test,clasp,normal,10.0,8,1,16,0.05,0.5,7400,7.385675675675675,0.4616216216216216,-6.474054054054054,0.968115328992872,2.094668781344695,0.0,0.0,0.0,0.0,0.01811532899287205
tft,gradient_boosting,test,clasp,normal,10.0,8,1,16,0.05,0.5,7400,6.926756756756757,0.10081081081081081,-1.5686486486486486,0.9759464511297966,2.5283282220747645,-0.45891891891891845,-0.3608108108108108,0.007831122136924606,0.43365944073006935,0.025946451129796655
tft,per_series_median_offset,test,clasp,normal,10.0,8,1,16,0.05,0.5,7400,7.332432432432433,0.4106756756756757,-5.414054054054054,0.969938780059791,2.209589962482193,-0.05324324324324259,-0.050945945945945925,0.0018234510669189463,0.11492118113749772,0.019938780059790995
tft,random_forest,test,clasp,normal,10.0,8,1,16,0.05,0.5,7400,6.893378378378379,0.10310810810810811,-0.4582432432432432,0.9774440817866391,2.575931573822432,-0.49229729729729677,-0.3585135135135135,0.009328752793767103,0.48126279247773684,0.027444081786639152
tft,raw_tau,test,clasp,normal,10.0,8,1,16,0.05,0.5,7400,7.385675675675675,0.4616216216216216,-6.474054054054054,0.968115328992872,2.094668781344695,0.0,0.0,0.0,0.0,0.01811532899287205
tft,extra_trees,train,clasp,normal,10.0,8,1,16,0.05,0.5,25400,1.517283464566929,0.8613779527559056,-0.009251968503937008,0.9655740737010389,-0.03409213591208721,-5.8683922111087465,0.39975633113428394,-0.0025412552918331333,-2.1287609172567823,0.015574073701038915
tft,global_median_offset,train,clasp,normal,10.0,8,1,16,0.05,0.5,25400,5.084173228346457,0.5790944881889764,-4.304094488188976,0.9620946726707699,-0.23330725034789893,-2.3015024473292183,0.11747286656735473,-0.006020656322102136,-2.327976031692594,0.012094672670769913
tft,gradient_boosting,train,clasp,normal,10.0,8,1,16,0.05,0.5,25400,5.010236220472441,0.33456692913385827,-0.004094488188976378,0.9648140992654801,-0.02552343293836849,-2.3754394552032343,-0.12705469248776335,-0.0033012297273918856,-2.1201922142830636,0.014814099265480163
tft,per_series_median_offset,train,clasp,normal,10.0,8,1,16,0.05,0.5,25400,4.990551181102362,0.5716929133858267,-3.2440944881889764,0.9627795652946228,-0.1669961104752052,-2.395124494573313,0.1100712917642051,-0.005335763698249174,-2.2616648918199003,0.012779565294622874
tft,random_forest,train,clasp,normal,10.0,8,1,16,0.05,0.5,25400,1.7812992125984253,0.8214566929133859,0.009881889763779527,0.9655173045263344,-0.031147465005870126,-5.60437646307725,0.35983507129176423,-0.002598024466537563,-2.125816246350565,0.015517304526334486
tft,raw_tau,train,clasp,normal,10.0,8,1,16,0.05,0.5,25400,5.084173228346457,0.5790944881889764,-4.304094488188976,0.9620946726707699,-0.23330725034789893,-2.3015024473292183,0.11747286656735473,-0.006020656322102136,-2.327976031692594,0.012094672670769913
tft,extra_trees,val,clasp,normal,10.0,8,1,16,0.05,0.5,3600,5.58,0.18805555555555556,2.851111111111111,0.9760125379112188,1.7244284220666568,-1.8056756756756753,-0.27356606606606604,0.007897208918346776,-0.37024035927803833,0.026012537911218825
tft,global_median_offset,val,clasp,normal,10.0,8,1,16,0.05,0.5,3600,3.607222222222222,0.7263888888888889,-1.1927777777777777,0.9748661316770907,1.610373573051315,-3.7784534534534533,0.26476726726726724,0.006750802684218682,-0.48429520829338024,0.02486613167709073
tft,gradient_boosting,val,clasp,normal,10.0,8,1,16,0.05,0.5,3600,5.3825,0.1922222222222222,2.555833333333333,0.9760270493825369,1.7245026631617757,-2.003175675675675,-0.2693993993993994,0.007911720389664922,-0.37016611818291945,0.02602704938253697
tft,per_series_median_offset,val,clasp,normal,10.0,8,1,16,0.05,0.5,3600,4.073333333333333,0.6761111111111111,-0.13277777777777777,0.9753304987592692,1.6482213086682107,-3.312342342342342,0.21448948948948948,0.007215169766397245,-0.44644747267648444,0.025330498759269293
tft,random_forest,val,clasp,normal,10.0,8,1,16,0.05,0.5,3600,5.796388888888889,0.16,3.1391666666666667,0.9760125379112188,1.7374469101559002,-1.5892867867867864,-0.30162162162162165,0.007897208918346776,-0.3572218711887949,0.026012537911218825
tft,raw_tau,val,clasp,normal,10.0,8,1,16,0.05,0.5,3600,3.607222222222222,0.7263888888888889,-1.1927777777777777,0.9748661316770907,1.610373573051315,-3.7784534534534533,0.26476726726726724,0.006750802684218682,-0.48429520829338024,0.02486613167709073
